-- loc_division (divno,divname, bndivname)

CREATE TABLE loc_division (
  divno int(11) NOT NULL,
  divname varchar(128) NOT NULL,
  bndivname varchar(128) NOT NULL,
  CONSTRAINT pk_division_divno PRIMARY KEY (divno)
) ENGINE=InnoDB DEFAULT CHARSET=utf8;

INSERT INTO loc_division (divno, divname, bndivname) VALUES
(1, 'Dhaka', 'ঢাকা'),
(2, 'Mymensingh', 'ময়মনসিংহ'),
(3, 'Sylhet', 'সিলেট'),
(4, 'Chattogram', 'চট্টগ্রাম'),
(5, 'Rangpur', 'রংপুর'),
(6, 'Rajshahi', 'রাজশাহী'),
(7, 'Khulna', 'খুলনা'),
(8, 'Barishal', 'বরিশাল');

-- loc_district(districtno,districtname,bndistrictname,divno)
CREATE TABLE loc_district (
  districtno int(11) NOT NULL,
  districtname varchar(128) NOT NULL,
  bndistrictname varchar(128) NOT NULL,
  divno int(11) NOT NULL,
  CONSTRAINT pk_district_districtno PRIMARY KEY (districtno),
  CONSTRAINT fk_district_divno FOREIGN KEY (divno) REFERENCES loc_division (divno) ON UPDATE CASCADE
) ENGINE=InnoDB DEFAULT CHARSET=utf8;

--
-- Dumping data for table loc_district
--

INSERT INTO loc_district (districtno, districtname, bndistrictname, divno) VALUES
(10, 'Dhaka', 'ঢাকা', 1),
(14, 'Narayanganj', 'নারায়ণগঞ্জ', 1),
(15, 'Munshiganj', 'মুন্সিগঞ্জ', 1),
(16, 'Narshingdi', 'নরসংদি', 1),
(17, 'Gazipur', 'গাজীপুর', 1),
(18, 'Manikganj', 'মানিকগঞ্জ', 1),
(19, 'Tangail', 'টাঙ্গাইল', 1),
(20, 'Jamalpur', 'জামালপুর', 2),
(21, 'Sherpur', 'শেরপুর', 2),
(22, 'Mymensingh', 'ময়মনসিংহ', 2),
(23, 'Kishoreganj', 'কিশোরগঞ্জ', 1),
(24, 'Netrakona', 'নেত্রকোনা', 2),
(30, 'Sunamganj', 'সুনামগঞ্জ', 3),
(31, 'Sylhet', 'সিলেট', 3),
(32, 'Moulvibazar', 'মৌলভীবাজার', 3),
(33, 'Hobiganj', 'হবিগঞ্জ', 3),
(34, 'Brahmanbaria', 'ব্রাহ্মণবাড়িয়া', 4),
(35, 'Comilla', 'কুমিল্লা', 4),
(36, 'Chandpur', 'চাঁদপুর', 4),
(37, 'Lakshmipur', 'লক্ষ্মীপুর', 4),
(38, 'Noakhali', 'নোয়াখালী', 4),
(39, 'Feni', 'ফেনী', 4),
(40, 'Chattogram', 'চট্টগ্রাম', 4),
(44, 'Khagrachari', 'খাগড়াছড়ি', 4),
(45, 'Rangamati', 'রাঙ্গামাটি', 4),
(46, 'Bandarban', 'বান্দরবন', 4),
(47, 'Cox-s Bazar', 'কক্সবাজার', 4),
(50, 'Panchagarh', 'পঞ্চগড়', 5),
(51, 'Thakurgaon', 'ঠাকুরগাঁ', 5),
(52, 'Dinajpur', 'দিনাজপুর', 5),
(53, 'Nilphamari', 'নীলফামারী', 5),
(54, 'Rangpur', 'রংপুর', 5),
(55, 'Lalmonirhat', 'লালমনিরহাট', 5),
(56, 'Kurigram', 'কুড়িগ্রাম', 5),
(57, 'Gaibandha', 'গাইবান্ধা', 5),
(58, 'Bogura', 'বগুড়া', 6),
(59, 'Joypurhat', 'জয়পুরহাট', 6),
(60, 'Rajshahi', 'রাজশাহী', 6),
(63, 'Chapinawabganj', 'চাঁপাইনবাবগঞ্জ', 6),
(64, 'Natore', 'নাটোর', 6),
(65, 'Naogaon', 'নওগাঁ', 6),
(66, 'Pabna', 'পাবনা', 6),
(67, 'Sirajganj', 'সিরাজগঞ্জ', 6),
(70, 'Kustia', 'কুষ্টিয়া', 7),
(71, 'Meherpur', 'মেহেরপুর', 7),
(72, 'Chuadanga', 'চুয়াডাঙ্গা', 7),
(73, 'Jinaidaha', 'ঝিনাইদহ', 7),
(74, 'Jessore', 'যশোর', 7),
(75, 'Narail', 'নড়াইল', 7),
(76, 'Magura', 'মাগুরা', 7),
(77, 'Rajbari', 'রাজবাড়ি', 1),
(78, 'Faridpur', 'ফরিদপুর', 1),
(79, 'Madaripur', 'মাদারীপুর', 1),
(80, 'Shariatpur', 'শরিয়তপুর', 1),
(81, 'Gopalganj', 'গোপালগঞ্জ', 1),
(82, 'Barishal', 'বরিশাল', 8),
(83, 'Bhola', 'ভোলা', 8),
(84, 'Jhalokathi', 'ঝালকাঠি', 8),
(85, 'Pirojpur', 'পিরোজপুর', 8),
(86, 'Patuakhali', 'পটুয়াখালী', 8),
(87, 'Barguna', 'বরগুনা', 8),
(90, 'Khulna', 'খুলনা', 7),
(93, 'Bagherhat', 'বাগেরহাট', 7),
(94, 'Satkhira', 'সাতক্ষিরা', 7);

-- loc_postoffice (postcode, po, ps, iscity, districtno)
CREATE TABLE loc_postoffice (
  postcode int(11) NOT NULL,
  po varchar(128) NOT NULL,
  ps varchar(128) NOT NULL,
  iscity int(11) DEFAULT 1,
  districtno int(11) NOT NULL,
   CONSTRAINT pk_postoffice_postcode PRIMARY KEY (postcode),
   CONSTRAINT fk_postoffice_districtno FOREIGN KEY (districtno) REFERENCES loc_district (districtno) ON UPDATE CASCADE
) ENGINE=InnoDB DEFAULT CHARSET=utf8;

--
-- Dumping data for table loc_postoffice
--

INSERT INTO loc_postoffice (postcode, po, ps, iscity, districtno) VALUES
(1000, 'Dhaka GPO', 'Palton', 0, 10),
(1100, 'Dhaka Sadar HO', 'Sutrapur', 0, 10),
(1203, 'Wari TSO', 'Sutrapur', 0, 10),
(1204, 'Gendaria TSO', 'Sutrapur', 0, 10),
(1205, 'New Market TSO', 'New market', 0, 10),
(1206, 'Dhaka CantonmentTSO', 'Dhaka Cantt.', 0, 10),
(1207, 'Mohammadpur Housing', 'Mohammadpur', 0, 10),
(1208, 'Dhaka Politechnic', 'Tejgaon Industrial Area', 0, 10),
(1209, 'Jigatala TSO', 'Dhanmondi', 0, 10),
(1211, 'Posta TSO', 'Lalbag', 0, 10),
(1212, 'Gulshan Model Town', 'Gulshan', 0, 10),
(1213, 'Banani TSO', 'Gulshan', 0, 10),
(1214, 'Basabo TSO', 'Sabujbag', 0, 10),
(1215, 'Tejgaon TSO', 'Tejgaon', 0, 10),
(1216, 'Mirpur TSO', 'Mirpur', 0, 10),
(1217, 'Shantinagr TSO', 'Ramna', 0, 10),
(1219, 'KhilgaonTSO', 'Khilgaon', 0, 10),
(1222, 'BangabhabanTSO', 'Motijheel', 0, 10),
(1223, 'DilkushaTSO', 'Motijheel', 0, 10),
(1225, 'Sangsad BhabanTSO', 'Mohammadpur', 0, 10),
(1229, 'KhilkhetTSO', 'Khilkhet', 0, 10),
(1230, 'Uttara Model TwonTSO', 'Uttara', 0, 10),
(1232, 'Dhania TSO', 'Jatrabari', 0, 10),
(1310, 'Keraniganj', 'Keraniganj', 0, 10),
(1311, 'Dhaka Jute Mills', 'Keraniganj', 0, 10),
(1312, 'Ati', 'Keraniganj', 0, 10),
(1313, 'Kalatia', 'Keraniganj', 0, 10),
(1320, 'Nawabganj', 'Nawabganj', 0, 10),
(1321, 'Hasnabad', 'Nawabganj', 0, 10),
(1322, 'Daudpur', 'Nawabganj', 0, 10),
(1323, 'Agla', 'Nawabganj', 0, 10),
(1324, 'Khalpar', 'Nawabganj', 0, 10),
(1325, 'Churain', 'Nawabganj', 0, 10),
(1330, 'Joypara', 'Joypara', 0, 10),
(1331, 'Palamganj', 'Joypara', 0, 10),
(1332, 'Narisha', 'Joypara', 0, 10),
(1333, 'Haridia', 'Lohajong', 0, 10),
(1334, 'Gouragonj', 'Lohajong', 0, 10),
(1335, 'Madini Mandal', 'Lohajong', 0, 10),
(1340, 'Savar', 'Savar', 0, 10),
(1341, 'Dairy Farm', 'Savar', 0, 10),
(1342, 'Jahangirnagar Univer', 'Savar', 0, 10),
(1343, 'Saver P.A.T.C', 'Savar', 0, 10),
(1344, 'Savar Canttonment', 'Savar', 0, 10),
(1345, 'Shimulia', 'Savar', 0, 10),
(1346, 'Kashem Cotton Mills', 'Savar', 0, 10),
(1347, 'Rajphulbaria', 'Savar', 0, 10),
(1348, 'Amin Bazar', 'Savar', 0, 10),
(1349, 'EPZ', 'Savar', 0, 10),
(1350, 'Dhamrai', 'Dhamrai', 0, 10),
(1351, 'Kamalpur', 'Dhamrai', 0, 10),
(1360, 'Demra', 'Demra', 0, 10),
(1361, 'Sarulia', 'Demra', 0, 10),
(1362, 'Matuail', 'Demra', 0, 10),
(1400, 'Narayanganj Sadar', 'Narayanganj Sadar', 0, 14),
(1410, 'Bandar', 'Bandar', 0, 14),
(1411, 'D.C Mills', 'Bandar', 0, 14),
(1412, 'Nabiganj', 'Bandar', 0, 14),
(1413, 'BIDS', 'Bandar', 0, 14),
(1414, 'Madanganj', 'Bandar', 0, 14),
(1420, 'Fatullah', 'Fatullah', 0, 14),
(1421, 'Fatulla Bazar', 'Fatullah', 0, 14),
(1430, 'Siddirganj', 'Siddirganj', 0, 14),
(1431, 'Adamjeenagar', 'Siddirganj', 0, 14),
(1432, 'LN Mills', 'Siddirganj', 0, 14),
(1440, 'Baidder Bazar', 'Baidder Bazar', 0, 14),
(1441, 'Bara Nagar', 'Baidder Bazar', 0, 14),
(1442, 'Barodi', 'Baidder Bazar', 0, 14),
(1450, 'Araihazar', 'Araihazar', 0, 14),
(1451, 'Gopaldi', 'Araihazar', 0, 14),
(1460, 'Rupganj', 'Rupganj', 0, 14),
(1461, 'Kanchan', 'Rupganj', 0, 14),
(1462, 'Bhulta', 'Rupganj', 0, 14),
(1463, 'Nagri', 'Rupganj', 0, 14),
(1464, 'Murapara', 'Rupganj', 0, 14),
(1500, 'Munshiganj Sadar', 'Munshiganj Sadar', 0, 15),
(1501, 'Rikabibazar', 'Munshiganj Sadar', 0, 15),
(1502, 'Mirkadim', 'Munshiganj Sadar', 0, 15),
(1503, 'Kathakhali', 'Munshiganj Sadar', 0, 15),
(1510, 'Gajaria', 'Gajaria', 0, 15),
(1511, 'Hossendi', 'Gajaria', 0, 15),
(1512, 'Rasulpur', 'Gajaria', 0, 15),
(1520, 'Tangibari', 'Tangibari', 0, 15),
(1521, 'Betkahat', 'Tangibari', 0, 15),
(1522, 'Baligao', 'Tangibari', 0, 15),
(1523, 'Bajrajugini', 'Tangibari', 0, 15),
(1524, 'Hasail', 'Tangibari', 0, 15),
(1525, 'Dighirpar', 'Tangibari', 0, 15),
(1526, 'Pura EDSO', 'Tangibari', 0, 15),
(1527, 'Pura', 'Tangibari', 0, 15),
(1530, 'Lohajang', 'Lohajong', 0, 15),
(1531, 'Korhati', 'Lohajong', 0, 15),
(1532, 'Haldia SO', 'Lohajong', 0, 15),
(1533, 'Haridia DESO', 'Lohajong', 0, 15),
(1534, 'Gouragonj', 'Lohajong', 0, 15),
(1535, 'Medini Mandal EDSO', 'Lohajong', 0, 15),
(1540, 'Sirajdikhan', 'Sirajdikhan', 0, 15),
(1541, 'Kola', 'Sirajdikhan', 0, 15),
(1542, 'Ichapur', 'Sirajdikhan', 0, 15),
(1543, 'Malkha Nagar', 'Sirajdikhan', 0, 15),
(1544, 'Shekher Nagar', 'Sirajdikhan', 0, 15),
(1550, 'Srinagar', 'Srinagar', 0, 15),
(1551, 'Barikhal', 'Srinagar', 0, 15),
(1552, 'Mazpara', 'Srinagar', 0, 15),
(1553, 'Hashara', 'Srinagar', 0, 15),
(1554, 'Kolapara', 'Srinagar', 0, 15),
(1555, 'Kumarbhog', 'Srinagar', 0, 15),
(1556, 'Vaggyakul SO', 'Srinagar', 0, 15),
(1557, 'Baghra', 'Srinagar', 0, 15),
(1558, 'Bhaggyakul', 'Srinagar', 0, 15),
(1600, 'Narshingdi Sadar', 'Narshingdi Sadar', 0, 16),
(1601, 'UMC Jute Mills', 'Narshingdi Sadar', 0, 16),
(1602, 'Narshingdi College', 'Narshingdi Sadar', 0, 16),
(1603, 'Panchdona', 'Narshingdi Sadar', 0, 16),
(1604, 'Madhabdi', 'Narshingdi Sadar', 0, 16),
(1605, 'Karimpur', 'Narshingdi Sadar', 0, 16),
(1610, 'Palash', 'Palash', 0, 16),
(1611, 'Ghorashal Urea Facto', 'Palash', 0, 16),
(1612, 'Char Sindhur', 'Palash', 0, 16),
(1613, 'Ghorashal', 'Palash', 0, 16),
(1620, 'Shibpur', 'Shibpur', 0, 16),
(1630, 'Raypura', 'Raypura', 0, 16),
(1631, 'Bazar Hasnabad', 'Raypura', 0, 16),
(1632, 'Radhaganj bazar', 'Raypura', 0, 16),
(1640, 'Belabo', 'Belabo', 0, 16),
(1650, 'Monohordi', 'Monohordi', 0, 16),
(1651, 'Hatirdia', 'Monohordi', 0, 16),
(1652, 'Katabaria', 'Monohordi', 0, 16),
(1700, 'Gazipur Sadar', 'Gazipur Sadar', 0, 17),
(1701, 'B.R.R', 'Gazipur Sadar', 0, 17),
(1702, 'Chandna', 'Gazipur Sadar', 0, 17),
(1703, 'B.O.F', 'Gazipur Sadar', 0, 17),
(1704, 'National University', 'Gazipur Sadar', 0, 17),
(1710, 'Monnunagar', 'Monnunagar', 0, 17),
(1711, 'Nishat Nagar', 'Monnunagar', 0, 17),
(1712, 'Ershad Nagar', 'Monnunagar', 0, 17),
(1720, 'Kaliganj', 'Kaliganj', 0, 17),
(1721, 'Pubail', 'Kaliganj', 0, 17),
(1722, 'Santanpara', 'Kaliganj', 0, 17),
(1723, 'Vaoal Jamalpur', 'Kaliganj', 0, 17),
(1730, 'kapashia', 'Kapashia', 0, 17),
(1740, 'Sreepur', 'Sreepur', 0, 17),
(1741, 'Rajendrapur', 'Sripur', 0, 17),
(1742, 'Rajendrapur Canttome', 'Sripur', 0, 17),
(1743, 'Barmi', 'Sreepur', 0, 17),
(1744, 'Satkhamair', 'Sreepur', 0, 17),
(1745, 'Kawraid', 'Sreepur', 0, 17),
(1747, 'Bashamur', 'Sreepur', 0, 17),
(1748, 'Boubi', 'Sreepur', 0, 17),
(1750, 'Kaliakaar', 'Kaliakaar', 0, 17),
(1751, 'Safipur', 'Kaliakaar', 0, 17),
(1800, 'Manikganj Sadar', 'Manikganj Sadar', 0, 18),
(1801, 'Manikganj Bazar', 'Manikganj Sadar', 0, 18),
(1802, 'Gorpara', 'Manikganj Sadar', 0, 18),
(1803, 'Mahadebpur', 'Manikganj Sadar', 0, 18),
(1804, 'Barangail', 'Manikganj Sadar', 0, 18),
(1810, 'Saturia', 'Saturia', 0, 18),
(1811, 'Baliati', 'Saturia', 0, 18),
(1820, 'Singair', 'Singari', 0, 18),
(1821, 'Baira', 'Singari', 0, 18),
(1822, 'joymantop', 'Singari', 0, 18),
(1830, 'Lechhraganj', 'Lechhraganj', 0, 18),
(1831, 'Jhitka', 'Lechhraganj', 0, 18),
(1840, 'Gheor', 'Gheor', 0, 18),
(1850, 'Shibaloy', 'Shibloya', 0, 18),
(1851, 'Aricha', 'Shibloya', 0, 18),
(1852, 'Tewta', 'Shibloya', 0, 18),
(1853, 'Uthli', 'Shibloya', 0, 18),
(1860, 'Doulatpur', 'Doulatpur', 0, 18),
(1900, 'Tangail Sadar', 'Tangail Sadar', 0, 19),
(1901, 'Kagmari', 'Tangail Sadar', 0, 19),
(1902, 'Santosh', 'Tangail Sadar', 0, 19),
(1903, 'Korotia', 'Tangail Sadar', 0, 19),
(1904, 'Purabari', 'Tangail Sadar', 0, 19),
(1910, 'Delduar', 'Delduar', 0, 19),
(1911, 'Jangalia', 'Delduar', 0, 19),
(1912, 'Patharail', 'Delduar', 0, 19),
(1913, 'Elasin', 'Delduar', 0, 19),
(1914, 'Hinga Nagar', 'Delduar', 0, 19),
(1915, 'Lowhati', 'Delduar', 0, 19),
(1920, 'Basail', 'Basail', 0, 19),
(1930, 'Kashkawlia', 'Kashkaolia', 0, 19),
(1936, 'Nagarpur', 'Nagarpur', 0, 19),
(1937, 'Dhuburia', 'Nagarpur', 0, 19),
(1938, 'Salimabad', 'Nagarpur', 0, 19),
(1940, 'Mirzapur', 'Mirzapur', 0, 19),
(1941, 'Gorai', 'Mirzapur', 0, 19),
(1942, 'M.C. College', 'Mirzapur', 0, 19),
(1943, 'Warri paikpara', 'Mirzapur', 0, 19),
(1944, 'Jarmuki', 'Mirzapur', 0, 19),
(1945, 'Mohera', 'Mirzapur', 0, 19),
(1950, 'Sakhipur', 'Sakhipur', 0, 19),
(1951, 'Kochua', 'Sakhipur', 0, 19),
(1960, 'Bhuapur', 'Bhuapur', 0, 19),
(1970, 'Kalihati', 'Kalihati', 0, 19),
(1971, 'Rajafair', 'Kalihati', 0, 19),
(1972, 'Nagbari', 'Kalihati', 0, 19),
(1973, 'Ballabazar', 'Kalihati', 0, 19),
(1974, 'Elinga', 'Kalihati', 0, 19),
(1975, 'Palisha', 'Kalihati', 0, 19),
(1976, 'Nagarbari SO', 'Kalihati', 0, 19),
(1977, 'Nagarbari', 'Kalihati', 0, 19),
(1980, 'Ghatial', 'Ghatail', 0, 19),
(1981, 'Zahidganj', 'Ghatail', 0, 19),
(1982, 'D. Pakutia', 'Ghatail', 0, 19),
(1983, 'Dhalapara', 'Ghatail', 0, 19),
(1984, 'Lohani', 'Ghatail', 0, 19),
(1990, 'Gopalpur', 'Gopalpur', 0, 19),
(1991, 'Jhowail', 'Gopalpur', 0, 19),
(1992, 'Hemnagar', 'Gopalpur', 0, 19),
(1996, 'Madhupur', 'Madhupur', 0, 19),
(1997, 'Dhobari', 'Madhupur', 0, 19),
(2000, 'Jamalpur', 'Jamalpur', 0, 20),
(2001, 'Nandina', 'Jamalpur', 0, 20),
(2002, 'Narundi', 'Jamalpur', 0, 20),
(2010, 'Malandah', 'Malandah', 0, 20),
(2011, 'Jamalpur', 'Malandah', 0, 20),
(2012, 'Malancha', 'Malandah', 0, 20),
(2013, 'Mahmoodpur', 'Malandah', 0, 20),
(2020, 'Islampur', 'Islampur', 0, 20),
(2021, 'Durmoot', 'Islampur', 0, 20),
(2022, 'Gilabari', 'Islampur', 0, 20),
(2030, 'Dewangonj', 'Dewangonj', 0, 20),
(2031, 'Dewangonj S. Mills', 'Dewangonj', 0, 20),
(2040, 'Mathargonj', 'Mathargonj', 0, 20),
(2041, 'Balijhuri', 'Mathargonj', 0, 20),
(2050, 'Shorishabari', 'Shorishabari', 0, 20),
(2051, 'Gunerbari', 'Shorishabari', 0, 20),
(2052, 'Bausee', 'Shorishabari', 0, 20),
(2053, 'Jagannath Ghat', 'Shorishabari', 0, 20),
(2054, 'Pingna', 'Shorishabari', 0, 20),
(2055, 'Jamuna Sar Karkhana', 'Shorishabari', 0, 20),
(2100, 'Sherpur Shadar', 'Sherpur Shadar', 0, 21),
(2110, 'Nalitabari', 'Nalitabari', 0, 21),
(2111, 'Hatibandha', 'Nalitabari', 0, 21),
(2120, 'Jhinaigati', 'Jhinaigati', 0, 21),
(2130, 'Shribardi', 'Shribardi', 0, 21),
(2140, 'Bakshigonj', 'Bakshigonj', 0, 21),
(2150, 'Nakla', 'Nakla', 0, 21),
(2151, 'Gonopaddi', 'Nakla', 0, 21),
(2200, 'Mymensingh Sadar', 'Mymensingh Sadar', 0, 22),
(2201, 'Kawatkhali', 'Mymensingh Sadar', 0, 22),
(2202, 'Agriculture Universi', 'Mymensingh Sadar', 0, 22),
(2203, 'Shombhuganj', 'Mymensingh Sadar', 0, 22),
(2204, 'Biddyaganj', 'Mymensingh Sadar', 0, 22),
(2205, 'Pearpur', 'Mymensingh Sadar', 0, 22),
(2210, 'Muktagachha', 'Muktagachha', 0, 22),
(2216, 'Fulbaria', 'Fulbaria', 0, 22),
(2220, 'Trishal', 'Trishal', 0, 22),
(2221, 'Ahmadbad', 'Trishal', 0, 22),
(2222, 'Ram Amritaganj', 'Trishal', 0, 22),
(2223, 'Dhala', 'Trishal', 0, 22),
(2230, 'Gaforgaon', 'Gaforgaon', 0, 22),
(2231, 'Shibganj', 'Gaforgaon', 0, 22),
(2232, 'Usti', 'Gaforgaon', 0, 22),
(2233, 'Kandipara', 'Gaforgaon', 0, 22),
(2234, 'Duttarbazar', 'Gaforgaon', 0, 22),
(2240, 'Bhaluka', 'Bhaluka', 0, 22),
(2250, 'Phulpur', 'Phulpur', 0, 22),
(2251, 'Beltia', 'Phulpur', 0, 22),
(2252, 'Tarakanda', 'Phulpur', 0, 22),
(2260, 'Haluaghat', 'Haluaghat', 0, 22),
(2261, 'Dhara', 'Haluaghat', 0, 22),
(2262, 'Munshirhat', 'Haluaghat', 0, 22),
(2270, 'Gouripur', 'Gouripur', 0, 22),
(2271, 'Ramgopalpur', 'Gouripur', 0, 22),
(2280, 'Isshwargonj', 'Isshwargonj', 0, 22),
(2281, 'Sohagi', 'Isshwargonj', 0, 22),
(2282, 'Atharabari', 'Isshwargonj', 0, 22),
(2290, 'Nandail', 'Nandail', 0, 22),
(2291, 'Gangail', 'Nandail', 0, 22),
(2300, 'Kishoreganj Sadar', 'Kishoreganj Sadar', 0, 23),
(2301, 'Kishoreganj S.Mills', 'Kishoreganj Sadar', 0, 23),
(2302, 'Maizhati', 'Kishoreganj Sadar', 0, 23),
(2303, 'Nilganj', 'Kishoreganj Sadar', 0, 23),
(2310, 'Karimganj', 'Karimganj', 0, 23),
(2316, 'Tarial', 'Tarial', 0, 23),
(2320, 'Hossenpur', 'Hossenpur', 0, 23),
(2326, 'Pakundia', 'Pakundia', 0, 23),
(2330, 'Katiadi', 'Katiadi', 0, 23),
(2331, 'Gochhihata', 'Katiadi', 0, 23),
(2336, 'Bajitpur', 'Bajitpur', 0, 23),
(2337, 'Sararchar', 'Bajitpur', 0, 23),
(2338, 'Laksmipur', 'Bajitpur', 0, 23),
(2340, 'Kuliarchar', 'Kuliarchar', 0, 23),
(2341, 'Chhoysuti', 'Kuliarchar', 0, 23),
(2350, 'Bhairab', 'Bhairob', 0, 23),
(2360, 'Nikli', 'Nikli', 0, 23),
(2370, 'MIthamoin', 'Mithamoin', 0, 23),
(2371, 'Abdullahpur', 'Mithamoin', 0, 23),
(2380, 'Ostagram', 'Ostagram', 0, 23),
(2390, 'Itna', 'Itna', 0, 23),
(2400, 'Netrakona Sadar', 'Netrakona Sadar', 0, 24),
(2401, 'Baikherhati', 'Netrakona Sadar', 0, 24),
(2410, 'Purbadhola', 'Purbadhola', 0, 24),
(2411, 'Shamgonj', 'Purbadhola', 0, 24),
(2412, 'Jaria Jhanjhail', 'Purbadhola', 0, 24),
(2416, 'Dhobaura', 'Dhobaura', 0, 24),
(2417, 'Sakoai', 'Dhobaura', 0, 24),
(2420, 'Susnng Durgapur', 'Susung Durgapur', 0, 24),
(2430, 'Kalmakanda', 'Kalmakanda', 0, 24),
(2440, 'Barhatta', 'Barhatta', 0, 24),
(2446, 'Mohanganj', 'Mohanganj', 0, 24),
(2450, 'Dharampasha', 'Dharmapasha', 0, 24),
(2456, 'Moddoynagar', 'Moddhynagar', 0, 24),
(2460, 'Khaliajhri', 'Khaliajuri', 0, 24),
(2462, 'Shaldigha', 'Khaliajuri', 0, 24),
(2470, 'Atpara', 'Atpara', 0, 24),
(2480, 'Kendua', 'Kendua', 0, 24),
(2490, 'Madan', 'Madan', 0, 24),
(3000, 'Sunamganj Sadar', 'Sunamganj Sadar', 0, 30),
(3001, 'Pagla', 'Sunamganj Sadar', 0, 30),
(3002, 'Patharia', 'Sunamganj Sadar', 0, 30),
(3010, 'Bishamsapur', 'Bishamsarpur', 0, 30),
(3020, 'Sachna', 'Sachna', 0, 30),
(3030, 'Tahirpur', 'Tahirpur', 0, 30),
(3040, 'Dhirai Chandpur', 'Dhirai Chandpur', 0, 30),
(3041, 'Jagdal', 'Dhirai Chandpur', 0, 30),
(3050, 'Ghungiar', 'Ghungiar', 0, 30),
(3060, 'Jagnnathpur', 'Jagnnathpur', 0, 30),
(3061, 'Syedpur', 'Jagnnathpur', 0, 30),
(3062, 'Atuajan', 'Jagnnathpur', 0, 30),
(3063, 'Hasan Fatemapur', 'Jagnnathpur', 0, 30),
(3064, 'Rasulganj', 'Jagnnathpur', 0, 30),
(3065, 'Shiramsi', 'Jagnnathpur', 0, 30),
(3070, 'Duara bazar', 'Duara bazar', 0, 30),
(3080, 'Chhatak', 'Chhatak', 0, 30),
(3081, 'Chhatak Cement Facto', 'Chhatak', 0, 30),
(3082, 'Chhatak Paper Mills', 'Chhatak', 0, 30),
(3083, 'Gabindaganj', 'Chhatak', 0, 30),
(3084, 'Gabindaganj Natun Ba', 'Chhatak', 0, 30),
(3085, 'Khurma', 'Chhatak', 0, 30),
(3086, 'Moinpur', 'Chhatak', 0, 30),
(3087, 'jahidpur', 'Chhatak', 0, 30),
(3088, 'Islamabad', 'Chhatak', 0, 30),
(3100, 'Sylhe Sadar', 'Sylhet Sadar', 0, 31),
(3101, 'Sylhet Cadet Col', 'Sylhet Sadar', 0, 31),
(3102, 'Sylhet Biman Bondar', 'Sylhet Sadar', 0, 31),
(3103, 'Khadimnagar', 'Sylhet Sadar', 0, 31),
(3104, 'Jalalabad Cantoment', 'Sylhet Sadar', 0, 31),
(3105, 'Silam', 'Sylhet Sadar', 0, 31),
(3106, 'Birahimpur', 'Sylhet Sadar', 0, 31),
(3107, 'Jalalabad', 'Sylhet Sadar', 0, 31),
(3108, 'Mogla', 'Sylhet Sadar', 0, 31),
(3109, 'Ranga Hajiganj', 'Sylhet Sadar', 0, 31),
(3111, 'Kadamtali', 'Sylhet Sadar', 0, 31),
(3112, 'Kamalbazer', 'Sylhet Sadar', 0, 31),
(3113, 'Lalbazar', 'Sylhet Sadar', 0, 31),
(3114, 'Shahajalal Science &', 'Sylhet Sadar', 0, 31),
(3116, 'Fenchuganj', 'Fenchuganj', 0, 31),
(3117, 'Fenchuganj SareKarkh', 'Fenchuganj', 0, 31),
(3120, 'Balaganj', 'Balaganj', 0, 31),
(3121, 'Karua', 'Balaganj', 0, 31),
(3122, 'Brahman Shashon', 'Balaganj', 0, 31),
(3123, 'Tajpur', 'Balaganj', 0, 31),
(3124, 'Goala Bazar', 'Balaganj', 0, 31),
(3125, 'Begumpur', 'Balaganj', 0, 31),
(3126, 'Omarpur', 'Balaganj', 0, 31),
(3127, 'Kathal Khair', 'Balaganj', 0, 31),
(3128, 'Gaharpur', 'Balaganj', 0, 31),
(3129, 'Natun Bazar', 'Balaganj', 0, 31),
(3130, 'Bishwanath', 'Bishwanath', 0, 31),
(3131, 'Dashghar', 'Bishwanath', 0, 31),
(3132, 'Doulathpur', 'Bishwanath', 0, 31),
(3133, 'Deokalas', 'Bishwanath', 0, 31),
(3134, 'Singer kanch', 'Bishwanath', 0, 31),
(3140, 'Kompanyganj', 'Kompanyganj', 0, 31),
(3150, 'Goainhat', 'Goainhat', 0, 31),
(3151, 'Jaflong', 'Goainhat', 0, 31),
(3152, 'Chiknagul', 'Goainhat', 0, 31),
(3156, 'Jainthapur', 'Jaintapur', 0, 31),
(3160, 'Gopalgannj', 'Golapganj', 0, 31),
(3161, 'Dhaka Dakkhin', 'Golapganj', 0, 31),
(3162, 'Dakkhin Bhadashore', 'Golapganj', 0, 31),
(3163, 'Ranaping', 'Golapganj', 0, 31),
(3164, 'banigram', 'Golapganj', 0, 31),
(3165, 'Chandanpur', 'Golapganj', 0, 31),
(3170, 'Bianibazar', 'Bianibazar', 0, 31),
(3171, 'jaldup', 'Bianibazar', 0, 31),
(3172, 'Mathiura', 'Bianibazar', 0, 31),
(3173, 'Kurar bazar', 'Bianibazar', 0, 31),
(3174, 'Salia bazar', 'Bianibazar', 0, 31),
(3175, 'Churkai', 'Bianibazar', 0, 31),
(3180, 'Kanaighat', 'Kanaighat', 0, 31),
(3181, 'Chatulbazar', 'Kanaighat', 0, 31),
(3182, 'Manikganj', 'Kanaighat', 0, 31),
(3183, 'Gachbari', 'Kanaighat', 0, 31),
(3190, 'Jakiganj', 'Jakiganj', 0, 31),
(3191, 'Ichhamati', 'Jakiganj', 0, 31),
(3200, 'Moulvibazar Sadar', 'Moulvibazar Sadar', 0, 32),
(3201, 'Barakapan', 'Moulvibazar Sadar', 0, 32),
(3202, 'Monumukh', 'Moulvibazar Sadar', 0, 32),
(3203, 'Afrozganj', 'Moulvibazar Sadar', 0, 32),
(3210, 'Srimangal', 'Srimangal', 0, 32),
(3211, 'Narain Chora', 'Srimangal', 0, 32),
(3212, 'Kalighat', 'Srimangal', 0, 32),
(3213, 'Khejurichhara', 'Srimangal', 0, 32),
(3214, 'Satgaon', 'Srimangal', 0, 32),
(3220, 'Kamalganj', 'Kamalganj', 0, 32),
(3221, 'Keramatnaga', 'Kamalganj', 0, 32),
(3222, 'Patrakhola', 'Kamalganj', 0, 32),
(3223, 'Shamsher Nagar', 'Kamalganj', 0, 32),
(3224, 'Munshibazar', 'Kamalganj', 0, 32),
(3230, 'Kulaura', 'Kulaura', 0, 32),
(3231, 'Tillagaon', 'Kulaura', 0, 32),
(3232, 'Langla', 'Kulaura', 0, 32),
(3233, 'Prithimpasha', 'Kulaura', 0, 32),
(3234, 'Kajaldhara', 'Kulaura', 0, 32),
(3235, 'Karimpur', 'Kulaura', 0, 32),
(3237, 'Baramchal', 'Kulaura', 0, 32),
(3240, 'Rajnagar', 'Rajnagar', 0, 32),
(3250, 'Baralekha', 'Baralekha', 0, 32),
(3251, 'Juri', 'Baralekha', 0, 32),
(3252, 'Dhakkhinbag', 'Baralekha', 0, 32),
(3253, 'Purbashahabajpur', 'Baralekha', 0, 32),
(3300, 'Hobiganj Sadar', 'Hobiganj Sadar', 0, 33),
(3301, 'Shaestaganj', 'Hobiganj Sadar', 0, 33),
(3302, 'Gopaya', 'Hobiganj Sadar', 0, 33),
(3310, 'Bahubal', 'Bahubal', 0, 33),
(3320, 'Chunarughat', 'Chunarughat', 0, 33),
(3321, 'Chandpurbagan', 'Chunarughat', 0, 33),
(3322, 'Narapati', 'Chunarughat', 0, 33),
(3330, 'Madhabpur', 'Madhabpur', 0, 33),
(3331, 'Itakhola', 'Madhabpur', 0, 33),
(3332, 'Shahajibazar', 'Madhabpur', 0, 33),
(3333, 'Saihamnagar', 'Madhabpur', 0, 33),
(3340, 'Kalauk', 'Kalauk', 0, 33),
(3341, 'Lakhai', 'Kalauk', 0, 33),
(3350, 'Baniachang', 'Baniachang', 0, 33),
(3351, 'Jatrapasha', 'Baniachang', 0, 33),
(3352, 'Kadirganj', 'Baniachang', 0, 33),
(3360, 'Azmireeganj', 'Azmireeganj', 0, 33),
(3370, 'Nabiganj', 'Nabiganj', 0, 33),
(3371, 'Goplarbazar', 'Nabiganj', 0, 33),
(3372, 'Golduba', 'Nabiganj', 0, 33),
(3373, 'Digalbak', 'Nabiganj', 0, 33),
(3374, 'Inathganj', 'Nabiganj', 0, 33),
(3400, 'Brahamanbaria Sadar', 'Brahamanbaria Sadar', 0, 34),
(3401, 'Talshahar', 'Brahamanbaria Sadar', 0, 34),
(3402, 'Ashuganj', 'Brahamanbaria Sadar', 0, 34),
(3403, 'Ashuganj Share', 'Brahamanbaria Sadar', 0, 34),
(3404, 'Poun', 'Brahamanbaria Sadar', 0, 34),
(3410, 'Nabinagar', 'Nabinagar', 0, 34),
(3411, 'Laubfatehpur', 'Nabinagar', 0, 34),
(3412, 'Rasullabad', 'Nabinagar', 0, 34),
(3413, 'Shamgram', 'Nabinagar', 0, 34),
(3414, 'Ratanpur', 'Nabinagar', 0, 34),
(3415, 'Shahapur', 'Nabinagar', 0, 34),
(3417, 'Kaitala', 'Nabinagar', 0, 34),
(3418, 'Salimganj', 'Nabinagar', 0, 34),
(3419, 'Jibanganj', 'Nabinagar', 0, 34),
(3420, 'Banchharampur', 'Banchharampur', 0, 34),
(3430, 'Sarial', 'Sarail', 0, 34),
(3431, 'Shahbajpur', 'Sarail', 0, 34),
(3432, 'Chandura', 'Sarail', 0, 34),
(3440, 'Nasirnagar', 'Nasirnagar', 0, 34),
(3441, 'Fandauk', 'Nasirnagar', 0, 34),
(3450, 'Akhaura', 'Akhaura', 0, 34),
(3451, 'Azampur', 'Akhaura', 0, 34),
(3452, 'Gangasagar', 'Akhaura', 0, 34),
(3460, 'Kasba', 'Kasba', 0, 34),
(3461, 'Kuti', 'Kasba', 0, 34),
(3462, 'Chandidar', 'Kasba', 0, 34),
(3463, 'Chargachh', 'Kasba', 0, 34),
(3464, 'Gopinathpur', 'Kasba', 0, 34),
(3500, 'Comilla Sadar', 'Comilla Sadar', 0, 35),
(3501, 'Comilla Contoment', 'Comilla Sadar', 0, 35),
(3502, 'Halimanagar', 'Comilla Sadar', 0, 35),
(3503, 'Courtbari', 'Comilla Sadar', 0, 35),
(3504, 'Suaganj', 'Comilla Sadar', 0, 35),
(3510, 'Chandia', 'Chandina', 0, 35),
(3511, 'Madhaiabazar', 'Chandina', 0, 35),
(3516, 'Daudkandi', 'Daudkandi', 0, 35),
(3517, 'Gouripur', 'Daudkandi', 0, 35),
(3518, 'Dashpara', 'Daudkandi', 0, 35),
(3519, 'Eliotganj', 'Daudkandi', 0, 35),
(3520, 'Burichang', 'Burichang', 0, 35),
(3521, 'Maynamoti bazar', 'Burichang', 0, 35),
(3526, 'Brahmanpara', 'Brahmanpara', 0, 35),
(3530, 'Davidhar', 'Davidhar', 0, 35),
(3531, 'Gangamandal', 'Davidhar', 0, 35),
(3532, 'Barashalghar', 'Davidhar', 0, 35),
(3533, 'Dhamtee', 'Davidhar', 0, 35),
(3540, 'Muradnagar', 'Muradnagar', 0, 35),
(3541, 'Ramchandarpur', 'Muradnagar', 0, 35),
(3542, 'Companyganj', 'Muradnagar', 0, 35),
(3543, 'Bangra', 'Muradnagar', 0, 35),
(3544, 'Sonakanda', 'Muradnagar', 0, 35),
(3545, 'Pantibazar', 'Muradnagar', 0, 35),
(3546, 'Homna', 'Homna', 0, 35),
(3550, 'Chouddagram', 'Chouddagram', 0, 35),
(3551, 'Batisa', 'Chouddagram', 0, 35),
(3552, 'Chiora', 'Chouddagram', 0, 35),
(3560, 'Barura', 'Barura', 0, 35),
(3561, 'Poyalgachha', 'Barura', 0, 35),
(3562, 'Murdafarganj', 'Barura', 0, 35),
(3570, 'Laksam', 'Laksam', 0, 35),
(3571, 'Lakshamanpur', 'Laksam', 0, 35),
(3572, 'Bipulasar', 'Laksam', 0, 35),
(3580, 'Langalkot', 'Langalkot', 0, 35),
(3581, 'Dhalua', 'Langalkot', 0, 35),
(3582, 'Chhariabazar', 'Langalkot', 0, 35),
(3583, 'Gunabati', 'Langalkot', 0, 35),
(3600, 'Chandpur Sadar', 'Chandpur Sadar', 0, 36),
(3601, 'Puranbazar', 'Chandpur Sadar', 0, 36),
(3602, 'Baburhat', 'Chandpur Sadar', 0, 36),
(3603, 'Sahatali', 'Chandpur Sadar', 0, 36),
(3610, 'Hajiganj', 'Hajiganj', 0, 36),
(3611, 'Bolakhal', 'Hajiganj', 0, 36),
(3620, 'Shahrasti', 'Shahrasti', 0, 36),
(3621, 'Khilabazar', 'Shahrasti', 0, 36),
(3622, 'Pashchim Kherihar Al', 'Shahrasti', 0, 36),
(3623, 'Chotoshi', 'Shahrasti', 0, 36),
(3624, 'Islamia Madrasha', 'Shahrasti', 0, 36),
(3630, 'Kachua', 'Kachua', 0, 36),
(3631, 'Pak Shrirampur', 'Kachua', 0, 36),
(3632, 'Rahima Nagar', 'Kachua', 0, 36),
(3633, 'Shachar', 'Kachua', 0, 36),
(3640, 'Matlobganj', 'Matlobganj', 0, 36),
(3641, 'Mohanpur', 'Matlobganj', 0, 36),
(3642, 'Kalipur', 'Matlobganj', 0, 36),
(3650, 'Faridganj', 'Faridganj', 0, 36),
(3651, 'Chandra', 'Faridganj', 0, 36),
(3652, 'Rupsha', 'Faridganj', 0, 36),
(3653, 'Gridkaliandia', 'Faridganj', 0, 36),
(3654, 'Rampurbazar', 'Faridganj', 0, 36),
(3655, 'Islampur Shah Isain', 'Faridganj', 0, 36),
(3660, 'Hayemchar', 'Hayemchar', 0, 36),
(3661, 'Gandamara', 'Hayemchar', 0, 36),
(3700, 'Lakshimpur Sadar', 'Lakshimpur Sadar', 0, 37),
(3701, 'Dalal Bazar', 'Lakshimpur Sadar', 0, 37),
(3702, 'Bhabaniganj', 'Lakshimpur Sadar', 0, 37),
(3703, 'Mandari', 'Lakshimpur Sadar', 0, 37),
(3704, 'Keramatganj', 'Lakshimpur Sadar', 0, 37),
(3705, 'Rupchara', 'Lakshimpur Sadar', 0, 37),
(3706, 'Duttapara', 'Lakshimpur Sadar', 0, 37),
(3707, 'Choupalli', 'Lakshimpur Sadar', 0, 37),
(3708, 'Chandraganj', 'Lakshimpur Sadar', 0, 37),
(3709, 'Amani Lakshimpur', 'Lakshimpur Sadar', 0, 37),
(3710, 'Raypur', 'Raypur', 0, 37),
(3711, 'Rakhallia', 'Raypur', 0, 37),
(3712, 'Nagerdighirpar', 'Raypur', 0, 37),
(3713, 'Haydarganj', 'Raypur', 0, 37),
(3714, 'Bhuabari', 'Raypur', 0, 37),
(3720, 'Ramganj', 'Ramganj', 0, 37),
(3721, 'Alipur', 'Ramganj', 0, 37),
(3722, 'Panpara', 'Ramganj', 0, 37),
(3723, 'Kanchanpur', 'Ramganj', 0, 37),
(3724, 'Naagmud', 'Ramganj', 0, 37),
(3725, 'Dolta', 'Ramganj', 0, 37),
(3730, 'Char Alexgander', 'Char Alexgander', 0, 37),
(3731, 'Hajirghat', 'Char Alexgander', 0, 37),
(3732, 'Ramgatirhat', 'Char Alexgander', 0, 37),
(3800, 'Noakhali Sadar', 'Noakhali Sadar', 0, 38),
(3801, 'Noakhali College', 'Noakhali Sadar', 0, 38),
(3802, 'Sonapur', 'Noakhali Sadar', 0, 38),
(3803, 'Din Monir Hat', 'Noakhali Sadar', 0, 38),
(3804, 'Pak Kishoreganj', 'Noakhali Sadar', 0, 38),
(3806, 'Mriddarhat', 'Noakhali Sadar', 0, 38),
(3807, 'Kabirhat', 'Noakhali Sadar', 0, 38),
(3808, 'Khalifar Hat', 'Noakhali Sadar', 0, 38),
(3809, 'Charam Tua', 'Noakhali Sadar', 0, 38),
(3811, 'Chaprashir Hat', 'Noakhali Sadar', 0, 38),
(3812, 'Char Jabbar', 'Noakhali Sadar', 0, 38),
(3820, 'Begumganj', 'Begumganj', 0, 38),
(3821, 'Choumohani', 'Begumganj', 0, 38),
(3822, 'Banglabazar', 'Begumganj', 0, 38),
(3823, 'Mir Owarishpur', 'Begumganj', 0, 38),
(3824, 'Bazra', 'Begumganj', 0, 38),
(3825, 'Jamidar Hat', 'Begumganj', 0, 38),
(3827, 'Sonaimuri', 'Begumganj', 0, 38),
(3828, 'Gopalpur', 'Begumganj', 0, 38),
(3829, 'Joynarayanpur', 'Begumganj', 0, 38),
(3831, 'Alaiarpur', 'Begumganj', 0, 38),
(3832, 'Tangirpar', 'Begumganj', 0, 38),
(3833, 'Khalafat Bazar', 'Begumganj', 0, 38),
(3834, 'Rajganj', 'Begumganj', 0, 38),
(3835, 'Oachhekpur', 'Begumganj', 0, 38),
(3837, 'Bhabani Jibanpur', 'Begumganj', 0, 38),
(3838, 'Maheshganj', 'Begumganj', 0, 38),
(3839, 'Nadona', 'Begumganj', 0, 38),
(3841, 'Nandiapara', 'Begumganj', 0, 38),
(3842, 'Khalishpur', 'Begumganj', 0, 38),
(3843, 'Dauti', 'Begumganj', 0, 38),
(3844, 'Joyag', 'Begumganj', 0, 38),
(3845, 'Thanar Hat', 'Begumganj', 0, 38),
(3847, 'Amisha Para', 'Begumganj', 0, 38),
(3848, 'Durgapur', 'Begumganj', 0, 38),
(3850, 'Basur Hat', 'Basurhat', 0, 38),
(3851, 'Charhajari', 'Basurhat', 0, 38),
(3860, 'Senbag', 'Senbag', 0, 38),
(3861, 'Kallyandi', 'Senbag', 0, 38),
(3862, 'Beezbag', 'Senbag', 0, 38),
(3863, 'Kankirhat', 'Senbag', 0, 38),
(3864, 'Chatarpaia', 'Senbag', 0, 38),
(3865, 'T.P. Lamua', 'Senbag', 0, 38),
(3870, 'Chatkhil', 'Chatkhil', 0, 38),
(3871, 'Palla', 'Chatkhil', 0, 38),
(3872, 'Khilpara', 'Chatkhil', 0, 38),
(3873, 'Bodalcourt', 'Chatkhil', 0, 38),
(3874, 'Rezzakpur', 'Chatkhil', 0, 38),
(3875, 'Solla', 'Chatkhil', 0, 38),
(3877, 'Karihati', 'Chatkhil', 0, 38),
(3878, 'Dosh Gharia', 'Chatkhil', 0, 38),
(3879, 'Bansa Bazar', 'Chatkhil', 0, 38),
(3881, 'Sahapur', 'Chatkhil', 0, 38),
(3882, 'Sampara', 'Chatkhil', 0, 38),
(3883, 'Shingbahura', 'Chatkhil', 0, 38),
(3890, 'Hatiya', 'Hatiya', 0, 38),
(3891, 'Afazia', 'Hatiya', 0, 38),
(3892, 'Tamoraddi', 'Hatiya', 0, 38),
(3893, 'Chourangi Bazar', 'Chhatak', 0, 38),
(3900, 'Feni Sadar', 'Feni Sadar', 0, 39),
(3901, 'Fazilpur', 'Feni Sadar', 0, 39),
(3902, 'Sharshadie', 'Feni Sadar', 0, 39),
(3903, 'Laskarhat', 'Feni Sadar', 0, 39),
(3910, 'Chhagalnaia', 'Chhagalnaia', 0, 39),
(3911, 'Maharajganj', 'Chhagalnaia', 0, 39),
(3912, 'Daraga Hat', 'Chhagalnaia', 0, 39),
(3913, 'Puabashimulia', 'Chhagalnaia', 0, 39),
(3920, 'Dagondhuia', 'Dagonbhuia', 0, 39),
(3921, 'Dudmukha', 'Dagonbhuia', 0, 39),
(3922, 'Chhilonia', 'Dagonbhuia', 0, 39),
(3923, 'Rajapur', 'Dagonbhuia', 0, 39),
(3930, 'Sonagazi', 'Sonagazi', 0, 39),
(3931, 'Motiganj', 'Sonagazi', 0, 39),
(3932, 'Ahmadpur', 'Sonagazi', 0, 39),
(3933, 'Kazirhat', 'Sonagazi', 0, 39),
(3940, 'Pashurampur', 'Pashurampur', 0, 39),
(3941, 'Shuarbazar', 'Pashurampur', 0, 39),
(3942, 'Fulgazi', 'Pashurampur', 0, 39),
(3943, 'Munshirhat', 'Pashurampur', 0, 39),
(4000, 'Chittagong GPO', 'Chittagong Sadar', 0, 40),
(4100, 'Chittagong Bandar', 'Chittagong Sadar', 0, 40),
(4202, 'Pahartoli', 'Chittagong Sadar', 0, 40),
(4203, 'Chawkbazar', 'Chittagong Sadar', 0, 40),
(4204, 'Patenga', 'Chittagong Sadar', 0, 40),
(4205, 'Chittagong Airport', 'Chittagong Sadar', 0, 40),
(4206, 'Jaldia Merine Accade', 'Chittagong Sadar', 0, 40),
(4207, 'Firozshah', 'Chittagong Sadar', 0, 40),
(4208, 'Mohard', 'Chittagong Sadar', 0, 40),
(4209, 'Chitt. Politechnic In', 'Chittagong Sadar', 0, 40),
(4210, 'Bayezid Bostami', 'Chittagong Sadar', 0, 40),
(4211, 'Amin Jute Mills', 'Chittagong Sadar', 0, 40),
(4212, 'Chandgaon', 'Chittagong Sadar', 0, 40),
(4213, 'Wazedia', 'Chittagong Sadar', 0, 40),
(4214, 'Jalalabad', 'Chittagong Sadar', 0, 40),
(4215, 'Anandabazar', 'Chittagong Sadar', 0, 40),
(4216, 'Halishahar', 'Chittagong Sadar', 0, 40),
(4217, 'North Katuli', 'Chittagong Sadar', 0, 40),
(4218, 'Chitt. Sailers Colon', 'Chittagong Sadar', 0, 40),
(4219, 'Chitt. Customs Acca', 'Chittagong Sadar', 0, 40),
(4220, 'Chitt. Cantonment', 'Chittagong Sadar', 0, 40),
(4221, 'Al- Amin Baria Madra', 'Chittagong Sadar', 0, 40),
(4222, 'Middle Patenga', 'Chittagong Sadar', 0, 40),
(4223, 'Export Processing', 'Chittagong Sadar', 0, 40),
(4224, 'Rampura TSO', 'Chittagong Sadar', 0, 40),
(4225, 'Halishshar', 'Chittagong Sadar', 0, 40),
(4226, 'North Halishahar', 'Chittagong Sadar', 0, 40),
(4300, 'Sandwip', 'Sandwip', 0, 40),
(4301, 'Shiberhat', 'Sandwip', 0, 40),
(4302, 'Urirchar', 'Sandwip', 0, 40),
(4310, 'Sitakunda', 'Sitakunda', 0, 40),
(4311, 'Baroidhala', 'Sitakunda', 0, 40),
(4312, 'Barabkunda', 'Sitakunda', 0, 40),
(4313, 'Bawashbaria', 'Sitakunda', 0, 40),
(4314, 'Kumira', 'Sitakunda', 0, 40),
(4315, 'Bhatiari', 'Sitakunda', 0, 40),
(4316, 'Fouzdarhat', 'Sitakunda', 0, 40),
(4317, 'Jafrabad', 'Sitakunda', 0, 40),
(4320, 'Mirsharai', 'Mirsharai', 0, 40),
(4321, 'Abutorab', 'Mirsharai', 0, 40),
(4322, 'Darrogahat', 'Mirsharai', 0, 40),
(4323, 'Bharawazhat', 'Mirsharai', 0, 40),
(4324, 'Joarganj', 'Mirsharai', 0, 40),
(4325, 'Azampur', 'Mirsharai', 0, 40),
(4327, 'Korerhat', 'Mirsharai', 0, 40),
(4328, 'Mohazanhat', 'Mirsharai', 0, 40),
(4330, 'Hathazari', 'Hathazari', 0, 40),
(4331, 'Chitt.University', 'Hathazari', 0, 40),
(4332, 'Gorduara', 'Hathazari', 0, 40),
(4333, 'Katirhat', 'Hathazari', 0, 40),
(4334, 'Mirzapur', 'Hathazari', 0, 40),
(4335, 'Fatahabad', 'Hathazari', 0, 40),
(4337, 'Nuralibari', 'Hathazari', 0, 40),
(4338, 'Yunus Nagar', 'Hathazari', 0, 40),
(4339, 'Madrasa', 'Hathazari', 0, 40),
(4340, 'Rouzan', 'Rouzan', 0, 40),
(4341, 'Beenajuri', 'Rouzan', 0, 40),
(4342, 'Kundeshwari', 'Rouzan', 0, 40),
(4343, 'Gahira', 'Rouzan', 0, 40),
(4344, 'jagannath Hat', 'Rouzan', 0, 40),
(4345, 'Fatepur', 'Rouzan', 0, 40),
(4346, 'Guzra Noapara', 'Rouzan', 0, 40),
(4347, 'Dewanpur', 'Rouzan', 0, 40),
(4348, 'Mohamuni', 'Rouzan', 0, 40),
(4349, 'B.I.T Post Office', 'Rouzan', 0, 40),
(4350, 'Fatikchhari', 'Fatikchhari', 0, 40),
(4351, 'Nanupur', 'Fatikchhari', 0, 40),
(4352, 'Bhandar Sharif', 'Fatikchhari', 0, 40),
(4353, 'Najirhat', 'Fatikchhari', 0, 40),
(4354, 'Harualchhari', 'Fatikchhari', 0, 40),
(4355, 'Narayanhat', 'Fatikchhari', 0, 40),
(4360, 'Rangunia', 'Rangunia', 0, 40),
(4361, 'Dhamair', 'Rangunia', 0, 40),
(4363, 'Kanungopara', 'Boalkhali', 0, 40),
(4364, 'Saroatoli', 'Boalkhali', 0, 40),
(4365, 'Iqbal Park', 'Boalkhali', 0, 40),
(4366, 'Boalkhali', 'Boalkhali', 0, 40),
(4367, 'Sakpura', 'Boalkhali', 0, 40),
(4368, 'Kadurkhal', 'Boalkhali', 0, 40),
(4369, 'Charandwip', 'Boalkhali', 0, 40),
(4370, 'Patia Head Office', 'Patia Head Office', 0, 40),
(4371, 'Budhpara', 'Patia Head Office', 0, 40),
(4376, 'Anowara', 'Anawara', 0, 40),
(4377, 'Paroikora', 'Anawara', 0, 40),
(4378, 'Battali', 'Anawara', 0, 40),
(4380, 'East Joara', 'East Joara', 0, 40),
(4381, 'Gachbaria', 'East Joara', 0, 40),
(4382, 'Dohazari', 'East Joara', 0, 40),
(4383, 'Barma', 'East Joara', 0, 40),
(4386, 'Satkania', 'Satkania', 0, 40),
(4387, 'Baitul Ijjat', 'Satkania', 0, 40),
(4388, 'Bazalia', 'Satkania', 0, 40),
(4390, 'Jaldi', 'Jaldi', 0, 40),
(4391, 'Khan Bahadur', 'Jaldi', 0, 40),
(4392, 'Gunagari', 'Jaldi', 0, 40),
(4393, 'Banigram', 'Jaldi', 0, 40),
(4396, 'Lohagara', 'Lohagara', 0, 40),
(4397, 'Padua', 'Lohagara', 0, 40),
(4398, 'Chunti', 'Lohagara', 0, 40),
(4400, 'Khagrachari Sadar', 'Khagrachari Sadar', 0, 44),
(4410, 'Panchhari', 'Panchhari', 0, 44),
(4420, 'Diginala', 'Diginala', 0, 44),
(4430, 'Mahalchhari', 'Mahalchhari', 0, 44),
(4440, 'Ramghar Head Office', 'Ramghar Head Office', 0, 44),
(4450, 'Matiranga', 'Matiranga', 0, 44),
(4460, 'Manikchhari', 'Manikchhari', 0, 44),
(4470, 'Laxmichhari', 'Laxmichhari', 0, 44),
(4500, 'Rangamati Sadar', 'Rangamati Sadar', 0, 45),
(4510, 'Kalampati', 'Kalampati', 0, 45),
(4511, 'Betbunia', 'Kalampati', 0, 45),
(4520, 'Nanichhar', 'Naniachhar', 0, 45),
(4530, 'Kaptai', 'kaptai', 0, 45),
(4531, 'Chandraghona', 'kaptai', 0, 45),
(4532, 'Kaptai Project', 'kaptai', 0, 45),
(4533, 'Kaptai Nuton Bazar', 'kaptai', 0, 45),
(4540, 'Rajsthali', 'Rajsthali', 0, 45),
(4550, 'Bilaichhari', 'Bilaichhari', 0, 45),
(4560, 'Jarachhari', 'Jarachhari', 0, 45),
(4570, 'Barakal', 'Barakal', 0, 45),
(4580, 'Longachh', 'Longachh', 0, 45),
(4590, 'Marishya', 'Marishya', 0, 45),
(4600, 'Bandarban Sadar', 'Bandarban Sadar', 0, 46),
(4610, 'Roanchhari', 'Roanchhari', 0, 46),
(4620, 'Ruma', 'Ruma', 0, 46),
(4630, 'Thanchi', 'Thanchi', 0, 46),
(4641, 'Lama', 'Thanchi', 0, 46),
(4650, 'Alikadam', 'Alikadam', 0, 46),
(4660, 'Naikhong', 'Naikhong', 0, 46),
(4700, 'Coxs Bazar Sadar', 'Coxs Bazar Sadar', 0, 47),
(4701, 'Zhilanja', 'Coxs Bazar Sadar', 0, 47),
(4702, 'Eidga', 'Coxs Bazar Sadar', 0, 47),
(4710, 'Gorakghat', 'Gorakghat', 0, 47),
(4720, 'Kutubdia', 'Kutubdia', 0, 47),
(4730, 'Ramu', 'Ramu', 0, 47),
(4740, 'Chiringga', 'Chiringga', 0, 47),
(4741, 'Chiringga S.O', 'Chiringga', 0, 47),
(4742, 'Badarkali', 'Chiringga', 0, 47),
(4743, 'Malumghat', 'Chiringga', 0, 47),
(4750, 'Ukhia', 'Ukhia', 0, 47),
(4760, 'Teknaf', 'Teknaf', 0, 47),
(4761, 'Hnila', 'Teknaf', 0, 47),
(4762, 'St.Martin', 'Teknaf', 0, 47),
(5000, 'Panchagar Sadar', 'Panchagra Sadar', 0, 50),
(5010, 'Boda', 'Boda', 0, 50),
(5020, 'Dabiganj', 'Dabiganj', 0, 50),
(5030, 'Tetulia', 'Tetulia', 0, 50),
(5040, 'Chotto Dab', 'Chotto Dab', 0, 50),
(5041, 'Mirjapur', 'Chotto Dab', 0, 50),
(5100, 'Thakurgaon Sadar', 'Thakurgaon Sadar', 0, 51),
(5101, 'Thakurgaon Road', 'Thakurgaon Sadar', 0, 51),
(5102, 'Shibganj', 'Thakurgaon Sadar', 0, 51),
(5103, 'Ruhia', 'Thakurgaon Sadar', 0, 51),
(5110, 'Pirganj', 'Pirganj', 0, 51),
(5120, 'Rani Sankail', 'Rani Sankail', 0, 51),
(5121, 'Nekmarad', 'Rani Sankail', 0, 51),
(5130, 'Jibanpur', 'Jibanpur', 0, 51),
(5140, 'Baliadangi', 'Baliadangi', 0, 51),
(5141, 'Lahiri', 'Baliadangi', 0, 51),
(5200, 'Dinajpur Sadar', 'Dinajpur Sadar', 0, 52),
(5201, 'Dinajpur Rajbari', 'Dinajpur Sadar', 0, 52),
(5210, 'Biral', 'Biral', 0, 52),
(5216, 'Setabganj', 'Setabganj', 0, 52),
(5220, 'Birganj', 'Birganj', 0, 52),
(5226, 'Maharajganj', 'Maharajganj', 0, 52),
(5230, 'Khansama', 'Khansama', 0, 52),
(5231, 'Pakarhat', 'Khansama', 0, 52),
(5240, 'Chrirbandar', 'Chrirbandar', 0, 52),
(5241, 'Ranirbandar', 'Chrirbandar', 0, 52),
(5250, 'Parbatipur', 'Parbatipur', 0, 52),
(5260, 'Phulbari', 'Phulbari', 0, 52),
(5266, 'Birampur', 'Birampur', 0, 52),
(5270, 'Bangla Hili', 'Bangla Hili', 0, 52),
(5280, 'Nababganj', 'Nababganj', 0, 52),
(5281, 'Daudpur', 'Nababganj', 0, 52),
(5282, 'Gopalpur', 'Nababganj', 0, 52),
(5290, 'Osmanpur', 'Osmanpur', 0, 52),
(5291, 'Ghoraghat', 'Osmanpur', 0, 52),
(5300, 'Nilphamari Sadar', 'Nilphamari Sadar', 0, 53),
(5301, 'Nilphamari Sugar Mil', 'Nilphamari Sadar', 0, 53),
(5310, 'Syedpur', 'Syedpur', 0, 53),
(5311, 'Syedpur Upashahar', 'Syedpur', 0, 53),
(5320, 'Kishoriganj', 'Kishoriganj', 0, 53),
(5330, 'Jaldhaka', 'Jaldhaka', 0, 53),
(5340, 'Domar', 'Domar', 0, 53),
(5341, 'Chilahati', 'Domar', 0, 53),
(5350, 'Dimla', 'Dimla', 0, 53),
(5351, 'Ghaga Kharibari', 'Dimla', 0, 53),
(5400, 'Rangpur Sadar', 'Rangpur Sadar', 0, 54),
(5401, 'Rangpur Upa-Shahar', 'Rangpur Sadar', 0, 54),
(5402, 'Alamnagar', 'Rangpur Sadar', 0, 54),
(5403, 'Mahiganj', 'Rangpur Sadar', 0, 54),
(5404, 'Rangpur Cadet Colleg', 'Rangpur Sadar', 0, 54),
(5405, 'Rangpur Carmiecal Col', 'Rangpur Sadar', 0, 54),
(5410, 'Gangachara', 'Gangachara', 0, 54),
(5420, 'Taraganj', 'Taraganj', 0, 54),
(5430, 'Badarganj', 'Badarganj', 0, 54),
(5431, 'Shyampur', 'Badarganj', 0, 54),
(5440, 'Kaunia', 'Kaunia', 0, 54),
(5441, 'Haragachh', 'Kaunia', 0, 54),
(5450, 'Pirgachha', 'Pirgachha', 0, 54),
(5460, 'Mithapukur', 'Mithapukur', 0, 54),
(5470, 'Pirganj', 'Pirganj', 0, 54),
(5500, 'Lalmonirhat Sadar', 'Lalmonirhat Sadar', 0, 55),
(5501, 'Moghalhat', 'Lalmonirhat Sadar', 0, 55),
(5502, 'Kulaghat SO', 'Lalmonirhat Sadar', 0, 55),
(5510, 'Aditmari', 'Aditmari', 0, 55),
(5520, 'Tushbhandar', 'Tushbhandar', 0, 55),
(5530, 'Hatibandha', 'Hatibandha', 0, 55),
(5540, 'Patgram', 'Patgram', 0, 55),
(5541, 'Baura', 'Patgram', 0, 55),
(5542, 'Burimari', 'Patgram', 0, 55),
(5600, 'Kurigram Sadar', 'Kurigram Sadar', 0, 56),
(5601, 'Pandul', 'Kurigram Sadar', 0, 56),
(5610, 'Rajarhat', 'Rajarhat', 0, 56),
(5611, 'Nazimkhan', 'Rajarhat', 0, 56),
(5620, 'Ulipur', 'Ulipur', 0, 56),
(5621, 'Bazarhat', 'Ulipur', 0, 56),
(5630, 'Chilmari', 'Chilmari', 0, 56),
(5631, 'Jorgachh', 'Chilmari', 0, 56),
(5640, 'Roumari', 'Roumari', 0, 56),
(5650, 'Rajibpur', 'Rajibpur', 0, 56),
(5660, 'Nageshwar', 'Nageshwar', 0, 56),
(5670, 'Bhurungamari', 'Bhurungamari', 0, 56),
(5680, 'Phulbari', 'Kurigram Sadar', 0, 56),
(5700, 'Gaibandha Sadar', 'Gaibandha Sadar', 0, 57),
(5710, 'Saadullapur', 'Saadullapur', 0, 57),
(5711, 'Naldanga', 'Saadullapur', 0, 57),
(5720, 'Sundarganj', 'Sundarganj', 0, 57),
(5721, 'Bamandanga', 'Sundarganj', 0, 57),
(5730, 'Palashbari', 'Palashbari', 0, 57),
(5740, 'Gobindhaganj', 'Gobindaganj', 0, 57),
(5741, 'Mahimaganj', 'Gobindaganj', 0, 57),
(5750, 'Bonarpara', 'Bonarpara', 0, 57),
(5751, 'saghata', 'Bonarpara', 0, 57),
(5760, 'Phulchhari', 'Phulchhari', 0, 57),
(5761, 'Bharatkhali', 'Phulchhari', 0, 57),
(5800, 'Bogra Sadar', 'Bogra Sadar', 0, 58),
(5801, 'Bogra Canttonment', 'Bogra Sadar', 0, 58),
(5810, 'Shibganj', 'Shibganj', 0, 58),
(5820, 'Gabtoli', 'Gabtoli', 0, 58),
(5821, 'Sukhanpukur', 'Gabtoli', 0, 58),
(5826, 'Sonatola', 'Sonatola', 0, 58),
(5830, 'Sariakandi', 'Sariakandi', 0, 58),
(5831, 'Chandan Baisha', 'Sariakandi', 0, 58),
(5840, 'Sherpur', 'Sherpur', 0, 58),
(5841, 'Chandaikona', 'Sherpur', 0, 58),
(5842, 'Palli Unnyan Accadem', 'Sherpur', 0, 58),
(5850, 'Dhunat', 'Dhunat', 0, 58),
(5851, 'Gosaibari', 'Dhunat', 0, 58),
(5860, 'Nandigram', 'Nandigram', 0, 58),
(5870, 'Kahalu', 'Kahalu', 0, 58),
(5880, 'Dupchachia', 'Dupchachia', 0, 58),
(5881, 'Talora', 'Dupchachia', 0, 58),
(5890, 'Adamdighi', 'Alamdighi', 0, 58),
(5891, 'Santahar', 'Alamdighi', 0, 58),
(5892, 'Nasharatpur', 'Alamdighi', 0, 58),
(5900, 'Joypurhat Sadar', 'Joypurhat Sadar', 0, 59),
(5910, 'Panchbibi', 'panchbibi', 0, 59),
(5920, 'Khetlal', 'Khetlal', 0, 59),
(5930, 'kalai', 'kalai', 0, 59),
(5940, 'Akklepur', 'Akkelpur', 0, 59),
(5941, 'jamalganj', 'Akkelpur', 0, 59),
(5942, 'Tilakpur', 'Akkelpur', 0, 59),
(6000, 'Rajshahi Sadar', 'Rajshahi Sadar', 0, 60),
(6100, 'Ghuramara', 'Rajshahi Sadar', 0, 60),
(6201, 'Rajshahi Court', 'Rajshahi Sadar', 0, 60),
(6202, 'Rajshahi Canttonment', 'Rajshahi Sadar', 0, 60),
(6203, 'Sapura', 'Rajshahi Sadar', 0, 60),
(6204, 'Kazla', 'Rajshahi Sadar', 0, 60),
(6205, 'Rajshahi University', 'Rajshahi Sadar', 0, 60),
(6206, 'Binodpur Bazar', 'Rajshahi Sadar', 0, 60),
(6210, 'Lalitganj', 'Lalitganj', 0, 60),
(6211, 'Rajshahi Sugar Mills', 'Lalitganj', 0, 60),
(6212, 'Shyampur', 'Lalitganj', 0, 60),
(6220, 'Khodmohanpur', 'Khod Mohanpur', 0, 60),
(6230, 'Tanor', 'Tanor', 0, 60),
(6240, 'Durgapur', 'Durgapur', 0, 60),
(6250, 'Bhabaniganj', 'Bhabaniganj', 0, 60),
(6251, 'Taharpur', 'Bhabaniganj', 0, 60),
(6260, 'Putia', 'Putia', 0, 60),
(6270, 'Charghat', 'Charghat', 0, 60),
(6271, 'Sarda', 'Charghat', 0, 60),
(6280, 'Bagha', 'Bagha', 0, 60),
(6281, 'Arani', 'Bagha', 0, 60),
(6290, 'Godagari', 'Godagari', 0, 60),
(6291, 'Premtoli', 'Godagari', 0, 60),
(6300, 'Chapinawbganj Sadar', 'Chapinawabganj Sadar', 0, 63),
(6301, 'Rajarampur', 'Chapinawabganj Sadar', 0, 63),
(6302, 'Ramchandrapur', 'Chapinawabganj Sadar', 0, 63),
(6303, 'Amnura', 'Chapinawabganj Sadar', 0, 63),
(6310, 'Nachol', 'Nachol', 0, 63),
(6311, 'Mandumala', 'Nachol', 0, 63),
(6320, 'Rohanpur', 'Rohanpur', 0, 63),
(6321, 'Gomashtapur', 'Rohanpur', 0, 63),
(6330, 'Bholahat', 'Bholahat', 0, 63),
(6340, 'Shibganj U.P.O', 'Shibganj U.P.O', 0, 63),
(6341, 'Kansart', 'Shibganj U.P.O', 0, 63),
(6342, 'Manaksha', 'Shibganj U.P.O', 0, 63),
(6400, 'Natore Sadar', 'Natore Sadar', 0, 64),
(6401, 'Digapatia', 'Natore Sadar', 0, 64),
(6402, 'Baiddyabal Gharia', 'Natore Sadar', 0, 64),
(6403, 'Madhnagar', 'Natore Sadar', 0, 64),
(6410, 'Laxman', 'Laxman', 0, 64),
(6420, 'Gopalpur U.P.O', 'Gopalpur UPO', 0, 64),
(6421, 'Lalpur S.O', 'Gopalpur UPO', 0, 64),
(6422, 'Abdulpur', 'Gopalpur UPO', 0, 64),
(6430, 'Harua', 'Harua', 0, 64),
(6431, 'Dayarampur', 'Harua', 0, 64),
(6432, 'Baraigram', 'Harua', 0, 64),
(6440, 'Hatgurudaspur', 'Hatgurudaspur', 0, 64),
(6450, 'Singra', 'Singra', 0, 64),
(6500, 'Naogaon Sadar', 'Naogaon Sadar', 0, 65),
(6510, 'Prasadpur', 'Prasadpur', 0, 65),
(6511, 'Manda', 'Prasadpur', 0, 65),
(6512, 'Balihar', 'Prasadpur', 0, 65),
(6520, 'Niamatpur', 'Niamatpur', 0, 65),
(6530, 'Mahadebpur', 'Mahadebpur', 0, 65),
(6540, 'Patnitala', 'Patnitala', 0, 65),
(6550, 'Nitpur', 'Nitpur', 0, 65),
(6551, 'Porsa', 'Nitpur', 0, 65),
(6552, 'Panguria', 'Nitpur', 0, 65),
(6560, 'Sapahar', 'Sapahar', 0, 65),
(6561, 'Moduhil', 'Sapahar', 0, 65),
(6570, 'Badalgachhi', 'Badalgachhi', 0, 65),
(6580, 'Dhamuirhat', 'Dhamuirhat', 0, 65),
(6590, 'Raninagar', 'Raninagar', 0, 65),
(6591, 'Kashimpur', 'Raninagar', 0, 65),
(6596, 'Ahsanganj', 'Ahsanganj', 0, 65),
(6597, 'Bandai', 'Ahsanganj', 0, 65),
(6600, 'Pabna Sadar', 'Pabna Sadar', 0, 66),
(6601, 'Kaliko Cotton Mills', 'Pabna Sadar', 0, 66),
(6602, 'Hamayetpur', 'Pabna Sadar', 0, 66),
(6610, 'Debottar', 'Debottar', 0, 66),
(6620, 'Ishwardi', 'Ishwardi', 0, 66),
(6621, 'Dhapari', 'Ishwardi', 0, 66),
(6622, 'Pakshi', 'Ishwardi', 0, 66),
(6623, 'Rajapur', 'Ishwardi', 0, 66),
(6630, 'Chatmohar', 'Chatmohar', 0, 66),
(6640, 'Bhangura', 'Bhangura', 0, 66),
(6650, 'Banwarinagar', 'Banwarinagar', 0, 66),
(6660, 'Sujanagar', 'Sujanagar', 0, 66),
(6661, 'Sagarkandi', 'Sujanagar', 0, 66),
(6670, 'Sathia', 'Sathia', 0, 66),
(6680, 'Bera', 'Bera', 0, 66),
(6681, 'Nakalia', 'Bera', 0, 66),
(6682, 'Kashinathpur', 'Bera', 0, 66),
(6683, 'Puran Bharenga', 'Bera', 0, 66),
(6700, 'Sirajganj Sadar', 'Sirajganj Sadar', 0, 67),
(6701, 'Raipur', 'Sirajganj Sadar', 0, 67),
(6702, 'Rashidabad', 'Sirajganj Sadar', 0, 67),
(6710, 'Kazipur', 'Kazipur', 0, 67),
(6711, 'Shuvgachha', 'Kazipur', 0, 67),
(6712, 'Gandail', 'Kazipur', 0, 67),
(6720, 'Dhangora', 'Dhangora', 0, 67),
(6721, 'Malonga', 'Dhangora', 0, 67),
(6730, 'Baiddya Jam Toil', 'Baiddya Jam Toil', 0, 67),
(6740, 'Belkuchi', 'Belkuchi', 0, 67),
(6741, 'Sohagpur', 'Belkuchi', 0, 67),
(6742, 'Rajapur', 'Belkuchi', 0, 67),
(6751, 'Enayetpur', 'Belkuchi', 0, 67),
(6752, 'Sthal', 'Belkuchi', 0, 67),
(6760, 'Ullapara', 'Ullapara', 0, 67),
(6761, 'Ullapara R.S', 'Ullapara', 0, 67),
(6762, 'Lahiri Mohanpur', 'Ullapara', 0, 67),
(6763, 'Salap', 'Ullapara', 0, 67),
(6770, 'Shahjadpur', 'Shahjadpur', 0, 67),
(6771, 'Porjana', 'Shahjadpur', 0, 67),
(6772, 'Jamirta', 'Shahjadpur', 0, 67),
(6773, 'Kaijuri', 'Shahjadpur', 0, 67),
(6780, 'Tarash', 'Tarash', 0, 67),
(7000, 'Kustia Sadar', 'Kustia Sadar', 0, 70),
(7001, 'Kushtia Mohini', 'Kustia Sadar', 0, 70),
(7002, 'Jagati', 'Kustia Sadar', 0, 70),
(7003, 'Islami University', 'Kustia Sadar', 0, 70),
(7010, 'Kumarkhali', 'Kumarkhali', 0, 70),
(7011, 'Panti', 'Kumarkhali', 0, 70),
(7020, 'Janipur', 'Janipur', 0, 70),
(7021, 'Khoksa', 'Janipur', 0, 70),
(7030, 'Mirpur', 'Mirpur', 0, 70),
(7031, 'Poradaha', 'Mirpur', 0, 70),
(7032, 'Amla Sadarpur', 'Mirpur', 0, 70),
(7040, 'Bheramara', 'Bheramara', 0, 70),
(7041, 'Ganges Bheramara', 'Bheramara', 0, 70),
(7042, 'Allardarga', 'Bheramara', 0, 70),
(7050, 'Rafayetpur', 'Rafayetpur', 0, 70),
(7051, 'Taragunia', 'Rafayetpur', 0, 70),
(7052, 'Khasmathurapur', 'Rafayetpur', 0, 70),
(7100, 'Meherpur Sadar', 'Meherpur Sadar', 0, 71),
(7101, 'Amjhupi', 'Meherpur Sadar', 0, 71),
(7102, 'Mujib Nagar Complex', 'Meherpur Sadar', 0, 71),
(7110, 'Gangni', 'Gangni', 0, 71),
(7152, 'Amjhupi', 'Meherpur Sadar', 0, 71),
(7200, 'Chuadanga Sadar', 'Chuadanga Sadar', 0, 72),
(7201, 'Munshiganj', 'Chuadanga Sadar', 0, 72),
(7210, 'Alamdanga', 'Alamdanga', 0, 72),
(7211, 'Hardi', 'Alamdanga', 0, 72),
(7220, 'Damurhuda', 'Damurhuda', 0, 72),
(7221, 'Darshana', 'Damurhuda', 0, 72),
(7222, 'Andulbaria', 'Damurhuda', 0, 72),
(7230, 'Doulatganj', 'Doulatganj', 0, 72),
(7300, 'Jinaidaha Sadar', 'Jinaidaha Sadar', 0, 73),
(7301, 'Jinaidaha Cadet College', 'Jinaidaha Sadar', 0, 73),
(7310, 'Harinakundu', 'Harinakundu', 0, 73),
(7320, 'Shailakupa', 'Shailakupa', 0, 73),
(7321, 'Kumiradaha', 'Shailakupa', 0, 73),
(7330, 'Kotchandpur', 'Kotchandpur', 0, 73),
(7340, 'Maheshpur', 'Maheshpur', 0, 73),
(7350, 'Naldanga', 'Naldanga', 0, 73),
(7351, 'Hatbar Bazar', 'Naldanga', 0, 73),
(7400, 'Jessore Sadar', 'Jessore Sadar', 0, 74),
(7401, 'Jessore Upa-Shahar', 'Jessore Sadar', 0, 74),
(7402, 'Chanchra', 'Jessore Sadar', 0, 74),
(7403, 'Jessore canttonment', 'Jessore Sadar', 0, 74),
(7404, 'Jessore Airbach', 'Jessore Sadar', 0, 74),
(7405, 'Rupdia', 'Jessore Sadar', 0, 74),
(7406, 'Basundia', 'Jessore Sadar', 0, 74),
(7407, 'Churamankathi', 'Jessore Sadar', 0, 74),
(7410, 'Chougachha', 'Chaugachha', 0, 74),
(7420, 'Jhikargachha', 'Jhikargachha', 0, 74),
(7430, 'Sarsa', 'Sarsa', 0, 74),
(7431, 'Benapole', 'Sarsa', 0, 74),
(7432, 'Jadabpur', 'Sarsa', 0, 74),
(7433, 'Bag Achra', 'Sarsa', 0, 74),
(7440, 'Monirampur', 'Monirampur', 0, 74),
(7450, 'Keshobpur', 'Keshabpur', 0, 74),
(7460, 'Noapara', 'Noapara', 0, 74),
(7461, 'Rajghat', 'Noapara', 0, 74),
(7462, 'Bhugilhat', 'Noapara', 0, 74),
(7470, 'Bagharpara', 'Bagharpara', 0, 74),
(7471, 'Gouranagar', 'Bagharpara', 0, 74),
(7500, 'Narail Sadar', 'Narail Sadar', 0, 75),
(7501, 'Ratanganj', 'Narail Sadar', 0, 75),
(7510, 'Laxmipasha', 'Laxmipasha', 0, 75),
(7511, 'Lohagora', 'Laxmipasha', 0, 75),
(7512, 'Itna', 'Laxmipasha', 0, 75),
(7513, 'Naldi', 'Laxmipasha', 0, 75),
(7514, 'Baradia', 'Laxmipasha', 0, 75),
(7520, 'Kalia', 'Kalia', 0, 75),
(7521, 'Mohajan', 'Mohajan', 0, 75),
(7600, 'Magura Sadar', 'Magura Sadar', 0, 76),
(7610, 'Shripur', 'Shripur', 0, 76),
(7611, 'Langalbadh', 'Shripur', 0, 76),
(7612, 'Nachol', 'Shripur', 0, 76),
(7620, 'Arpara', 'Arpara', 0, 76),
(7630, 'Mohammadpur', 'Mohammadpur', 0, 76),
(7631, 'Binodpur', 'Mohammadpur', 0, 76),
(7632, 'Nahata', 'Mohammadpur', 0, 76),
(7700, 'Rajbari Sadar', 'Rajbari Sadar', 0, 77),
(7710, 'Goalanda', 'Rajbari Sadar', 0, 77),
(7711, 'Khankhanapur', 'Rajbari Sadar', 0, 77),
(7720, 'Pangsha', 'Pangsha', 0, 77),
(7721, 'Ramkol', 'Pangsha', 0, 77),
(7722, 'Ratandia', 'Pangsha', 0, 77),
(7723, 'Mrigibazar', 'Pangsha', 0, 77),
(7730, 'Baliakandi', 'Baliakandi', 0, 77),
(7731, 'Nalia', 'Baliakandi', 0, 77),
(7800, 'Faridpursadar', 'Faridpur Sadar', 0, 78),
(7801, 'Kanaipur', 'Faridpur Sadar', 0, 78),
(7802, 'Ambikapur', 'Faridpur Sadar', 0, 78),
(7803, 'Baitulaman Politecni', 'Faridpur Sadar', 0, 78),
(7804, 'Shriangan', 'Shriangan', 0, 78),
(7810, 'Charbadrashan', 'Charbhadrasan', 0, 78),
(7820, 'Sadarpur', 'Sadarpur', 0, 78),
(7821, 'Hat Krishapur', 'Sadarpur', 0, 78),
(7822, 'Bishwa jaker Manjil', 'Sadarpur', 0, 78),
(7830, 'Bhanga', 'Bhanga', 0, 78),
(7840, 'Nagarkanda', 'Nagarkanda', 0, 78),
(7841, 'Talma', 'Nagarkanda', 0, 78),
(7850, 'Madukhali', 'Madukhali', 0, 78),
(7851, 'Kamarkali', 'Madukhali', 0, 78),
(7860, 'Boalmari', 'Boalmari', 0, 78),
(7861, 'Rupatpat', 'Boalmari', 0, 78),
(7870, 'Alfadanga', 'Alfadanga', 0, 78),
(7900, 'Madaripur Sadar', 'Madaripur Sadar', 0, 79),
(7901, 'Charmugria', 'Madaripur Sadar', 0, 79),
(7902, 'Kulpaddi', 'Madaripur Sadar', 0, 79),
(7903, 'Habiganj', 'Madaripur Sadar', 0, 79),
(7904, 'Mustafapur', 'Madaripur Sadar', 0, 79),
(7910, 'Rajoir', 'Rajoir', 0, 79),
(7911, 'Khalia', 'Rajoir', 0, 79),
(7920, 'Kalkini', 'kalkini', 0, 79),
(7921, 'Sahabrampur', 'kalkini', 0, 79),
(7930, 'Barhamganj', 'Barhamganj', 0, 79),
(7931, 'Nilaksmibandar', 'Barhamganj', 0, 79),
(7932, 'Bahadurpur', 'Barhamganj', 0, 79),
(7933, 'Umedpur', 'Barhamganj', 0, 79),
(8000, 'Shariatpur Sadar', 'Shariatpur Sadar', 0, 80),
(8001, 'Angaria', 'Shariatpur Sadar', 0, 80),
(8002, 'Chikandi', 'Shariatpur Sadar', 0, 80),
(8010, 'Jajira', 'Jajira', 0, 80),
(8013, 'Chandradighalia', 'Gopalganj Sadar', 0, 80),
(8020, 'Naria', 'Naria', 0, 80),
(8021, 'Bhozeshwar', 'Naria', 0, 80),
(8022, 'Gharisar', 'Naria', 0, 80),
(8023, 'Upshi', 'Naria', 0, 80),
(8024, 'Kartikpur', 'Naria', 0, 80),
(8030, 'Bhedorganj', 'Bhedorganj', 0, 80),
(8040, 'Damudhya', 'Damudhya', 0, 80),
(8050, 'Gosairhat', 'Gosairhat', 0, 80),
(8100, 'Gopalganj Sadar', 'Gopalganj Sadar', 0, 81),
(8101, 'Ulpur', 'Gopalganj Sadar', 0, 81),
(8102, 'Barfa', 'Gopalganj Sadar', 0, 81),
(8110, 'Kotalipara', 'Kotalipara', 0, 81),
(8120, 'Tungipara', 'Tungipara', 0, 81),
(8121, 'Patgati', 'Tungipara', 0, 81),
(8130, 'Kashiani', 'Kashiani', 0, 81),
(8131, 'Ramdia College', 'Kashiani', 0, 81),
(8132, 'Ratoil', 'Kashiani', 0, 81),
(8133, 'Jonapur', 'Kashiani', 0, 81),
(8140, 'Maksudpur', 'Maksudpur', 0, 81),
(8141, 'Batkiamari', 'Maksudpur', 0, 81),
(8142, 'Khandarpara', 'Maksudpur', 0, 81),
(8200, 'Barishal Sadar', 'Barishal Sadar', 0, 82),
(8201, 'Bukhainagar', 'Barishal Sadar', 0, 82),
(8202, 'Saheberhat', 'Barishal Sadar', 0, 82),
(8203, 'Sugandia', 'Barishal Sadar', 0, 82),
(8204, 'Patang', 'Barishal Sadar', 0, 82),
(8205, 'Kashipur', 'Barishal Sadar', 0, 82),
(8206, 'Jaguarhat', 'Barishal Sadar', 0, 82),
(8210, 'Babuganj', 'Babuganj', 0, 82),
(8211, 'Rahamatpur', 'Babuganj', 0, 82),
(8212, 'Chandpasha', 'Babuganj', 0, 82),
(8213, 'Madhabpasha', 'Babuganj', 0, 82),
(8214, 'Thakur Mallik', 'Babuganj', 0, 82),
(8215, 'Nizamuddin College', 'Babuganj', 0, 82),
(8216, 'Barishal Cadet', 'Babuganj', 0, 82),
(8220, 'Uzirpur', 'Uzirpur', 0, 82),
(8221, 'Dhamura', 'Uzirpur', 0, 82),
(8222, 'Jugirkanda', 'Uzirpur', 0, 82),
(8223, 'Dakuarhat', 'Uzirpur', 0, 82),
(8224, 'Shikarpur', 'Uzirpur', 0, 82),
(8230, 'Gouranadi', 'Gouranadi', 0, 82),
(8231, 'Tarki Bandar', 'Gouranadi', 0, 82),
(8232, 'Kashemabad', 'Gouranadi', 0, 82),
(8233, 'Batajor', 'Gouranadi', 0, 82),
(8240, 'Agailzhara', 'Agailzhara', 0, 82),
(8241, 'Gaila', 'Agailzhara', 0, 82),
(8242, 'Paisarhat', 'Agailzhara', 0, 82),
(8250, 'Muladi', 'Muladi', 0, 82),
(8251, 'Kazirchar', 'Muladi', 0, 82),
(8252, 'Charkalekhan', 'Muladi', 0, 82),
(8260, 'Barajalia', 'Barajalia', 0, 82),
(8261, 'Osman Manjil', 'Barajalia', 0, 82),
(8270, 'Mahendiganj', 'Mahendiganj', 0, 82),
(8271, 'Laskarpur', 'Mahendiganj', 0, 82),
(8272, 'Ulania', 'Mahendiganj', 0, 82),
(8273, 'Nalgora', 'Mahendiganj', 0, 82),
(8274, 'Langutia', 'Mahendiganj', 0, 82),
(8280, 'Sahebganj', 'Sahebganj', 0, 82),
(8281, 'Charamandi', 'Sahebganj', 0, 82),
(8282, 'Padri Shibpur', 'Sahebganj', 0, 82),
(8283, 'Shialguni', 'Sahebganj', 0, 82),
(8284, 'kalaskati', 'Sahebganj', 0, 82),
(8300, 'Bhola Sadar', 'Bhola Sadar', 0, 83),
(8301, 'Joynagar', 'Bhola Sadar', 0, 83),
(8310, 'Doulatkhan', 'Doulatkhan', 0, 83),
(8311, 'Hajipur', 'Doulatkhan', 0, 83),
(8320, 'Borhanuddin UPO', 'Borhanuddin UPO', 0, 83),
(8321, 'Mirzakalu', 'Borhanuddin UPO', 0, 83),
(8330, 'Lalmohan UPO', 'Lalmohan UPO', 0, 83),
(8331, 'Daurihat', 'Lalmohan UPO', 0, 83),
(8332, 'Gazaria', 'Lalmohan UPO', 0, 83),
(8340, 'Charfashion', 'Charfashion', 0, 83),
(8341, 'Dularhat', 'Charfashion', 0, 83),
(8342, 'Keramatganj', 'Charfashion', 0, 83),
(8350, 'Hatshoshiganj', 'Hatshoshiganj', 0, 83),
(8360, 'Hajirhat', 'Hajirhat', 0, 83),
(8400, 'Jhalokathi Sadar', 'Jhalokathi Sadar', 0, 84),
(8401, 'Nabagram', 'Jhalokathi Sadar', 0, 84),
(8402, 'Baukathi', 'Jhalokathi Sadar', 0, 84),
(8403, 'Gabha', 'Jhalokathi Sadar', 0, 84),
(8404, 'Shekherhat', 'Jhalokathi Sadar', 0, 84),
(8410, 'Rajapur', 'Rajapur', 0, 84),
(8420, 'Nalchhiti', 'Nalchhiti', 0, 84),
(8421, 'Beerkathi', 'Nalchhiti', 0, 84),
(8430, 'Kathalia', 'Kathalia', 0, 84),
(8431, 'Amua', 'Kathalia', 0, 84),
(8432, 'Niamatee', 'Kathalia', 0, 84),
(8433, 'Shoulajalia', 'Kathalia', 0, 84),
(8500, 'Pirojpur Sadar', 'Pirojpur Sadar', 0, 85),
(8501, 'Hularhat', 'Pirojpur Sadar', 0, 85),
(8502, 'Parerhat', 'Pirojpur Sadar', 0, 85),
(8510, 'Kaukhali', 'kaukhali', 0, 85),
(8511, 'Keundia', 'kaukhali', 0, 85),
(8512, 'Joykul', 'kaukhali', 0, 85),
(8513, 'Jolagati', 'kaukhali', 0, 85),
(8520, 'Swarupkathi', 'Swarupkathi', 0, 85),
(8521, 'Darus Sunnat', 'Swarupkathi', 0, 85),
(8522, 'Kaurikhara', 'Swarupkathi', 0, 85),
(8523, 'Jalabari', 'Swarupkathi', 0, 85),
(8530, 'Banaripara', 'Banaripara', 0, 85),
(8531, 'Chakhar', 'Banaripara', 0, 85),
(8540, 'Nazirpur', 'Nazirpur', 0, 85),
(8541, 'Sriramkathi', 'Nazirpur', 0, 85),
(8550, 'Bhandaria', 'Bhandaria', 0, 85),
(8551, 'Kanudashkathi', 'Bhandaria', 0, 85),
(8552, 'Dhaoa', 'Bhandaria', 0, 85),
(8560, 'Mathbaria', 'Mathbaria', 0, 85),
(8561, 'Tushkhali', 'Mathbaria', 0, 85),
(8562, 'Halta', 'Mathbaria', 0, 85),
(8563, 'Gulishakhali', 'Mathbaria', 0, 85),
(8564, 'Tiarkhali', 'Mathbaria', 0, 85),
(8565, 'Betmor Natun Hat', 'Mathbaria', 0, 85),
(8566, 'Shilarganj', 'Mathbaria', 0, 85),
(8600, 'Patuakhali Sadar', 'Patuakhali Sadar', 0, 86),
(8601, 'Moukaran', 'Patuakhali Sadar', 0, 86),
(8602, 'Dumkee', 'Patuakhali Sadar', 0, 86);
INSERT INTO loc_postoffice (postcode, po, ps, iscity, districtno) VALUES
(8603, 'Rahimabad', 'Patuakhali Sadar', 0, 86),
(8610, 'Subidkhali', 'Subidkhali', 0, 86),
(8620, 'Bauphal', 'Bauphal', 0, 86),
(8621, 'Bagabandar', 'Bauphal', 0, 86),
(8622, 'Birpasha', 'Bauphal', 0, 86),
(8623, 'Kalishari', 'Bauphal', 0, 86),
(8624, 'Kalaia', 'Bauphal', 0, 86),
(8630, 'Dashmina', 'Dashmina', 0, 86),
(8640, 'Galachipa', 'Galachipa', 0, 86),
(8641, 'Gazipur Bandar', 'Galachipa', 0, 86),
(8650, 'Khepupara', 'Khepupara', 0, 86),
(8651, 'Mahipur', 'Khepupara', 0, 86),
(8700, 'Barguna Sadar', 'Barguna Sadar', 0, 87),
(8701, 'Nali Bandar', 'Barguna Sadar', 0, 87),
(8710, 'Amtali', 'Amtali', 0, 87),
(8720, 'Patharghata', 'Patharghata', 0, 87),
(8721, 'Kakchira', 'Patharghata', 0, 87),
(8730, 'Bamna', 'Bamna', 0, 87),
(8740, 'Betagi', 'Betagi', 0, 87),
(8741, 'Darul Ulam', 'Betagi', 0, 87),
(9000, 'Khulna G.P.O', 'Khulna Sadar', 0, 90),
(9100, 'Khula Sadar', 'Khulna Sadar', 0, 90),
(9201, 'Khulna Shipyard', 'Khulna Sadar', 0, 90),
(9202, 'Doulatpur', 'Khulna Sadar', 0, 90),
(9203, 'BIT Khulna', 'Khulna Sadar', 0, 90),
(9204, 'Siramani', 'Khulna Sadar', 0, 90),
(9205, 'Jahanabad Canttonmen', 'Khulna Sadar', 0, 90),
(9206, 'Sonali Jute Mills', 'Khulna Sadar', 0, 90),
(9207, 'Atra Shilpa Area', 'Khulna Sadar', 0, 90),
(9208, 'Khulna University', 'Khulna Sadar', 0, 90),
(9210, 'Phultala', 'Phultala', 0, 90),
(9220, 'Digalia', 'Digalia', 0, 90),
(9221, 'Chandni Mahal', 'Digalia', 0, 90),
(9222, 'Senhati', 'Digalia', 0, 90),
(9223, 'Ghoshghati', 'Digalia', 0, 90),
(9224, 'Gazirhat', 'Digalia', 0, 90),
(9230, 'Terakhada', 'Terakhada', 0, 90),
(9231, 'Pak Barasat', 'Terakhada', 0, 90),
(9240, 'Alaipur', 'Alaipur', 0, 90),
(9241, 'Rupsha', 'Alaipur', 0, 90),
(9242, 'Belphulia', 'Alaipur', 0, 90),
(9250, 'Sajiara', 'Sajiara', 0, 90),
(9251, 'Ghonabanda', 'Sajiara', 0, 90),
(9252, 'Chuknagar', 'Sajiara', 0, 90),
(9253, 'Shahapur', 'Sajiara', 0, 90),
(9260, 'Batiaghat', 'Batiaghat', 0, 90),
(9261, 'Surkalee', 'Batiaghat', 0, 90),
(9270, 'Chalna Bazar', 'Chalna Bazar', 0, 90),
(9271, 'Dakup', 'Chalna Bazar', 0, 90),
(9272, 'Bajua', 'Chalna Bazar', 0, 90),
(9273, 'Nalian', 'Chalna Bazar', 0, 90),
(9280, 'Paikgachha', 'Paikgachha', 0, 90),
(9281, 'Godaipur', 'Paikgachha', 0, 90),
(9282, 'Kapilmoni', 'Paikgachha', 0, 90),
(9283, 'Katipara', 'Paikgachha', 0, 90),
(9284, 'Chandkhali', 'Paikgachha', 0, 90),
(9285, 'Garaikhali', 'Paikgachha', 0, 90),
(9290, 'Madinabad', 'Madinabad', 0, 90),
(9291, 'Amadee', 'Madinabad', 0, 90),
(9300, 'Bagerhat Sadar', 'Bagerhat Sadar', 0, 93),
(9301, 'P.C College', 'Bagerhat Sadar', 0, 93),
(9302, 'Rangdia', 'Bagerhat Sadar', 0, 93),
(9310, 'Kachua', 'Kachua UPO', 0, 93),
(9311, 'Sonarkola', 'Kachua UPO', 0, 93),
(9320, 'Morelganj', 'Morelganj', 0, 93),
(9321, 'Sannasi Bazar', 'Morelganj', 0, 93),
(9322, 'Telisatee', 'Morelganj', 0, 93),
(9330, 'Rayenda', 'Rayenda', 0, 93),
(9340, 'Rampal', 'Rampal', 0, 93),
(9341, 'Foylahat', 'Rampal', 0, 93),
(9342, 'Sonatunia', 'Rampal', 0, 93),
(9343, 'Gourambha', 'Rampal', 0, 93),
(9350, 'Chalna Ankorage', 'Chalna Ankorage', 0, 93),
(9351, 'Mongla Port', 'Chalna Ankorage', 0, 93),
(9360, 'Chitalmari', 'Chitalmari', 0, 93),
(9361, 'Barabaria', 'Chitalmari', 0, 93),
(9370, 'Fakirhat', 'Fakirhat', 0, 93),
(9371, 'Mansa', 'Fakirhat', 0, 93),
(9372, 'Bhanganpar Bazar', 'Fakirhat', 0, 93),
(9380, 'Mollahat', 'Mollahat', 0, 93),
(9381, 'Kahalpur', 'Mollahat', 0, 93),
(9382, 'Dariala', 'Mollahat', 0, 93),
(9383, 'Charkulia', 'Mollahat', 0, 93),
(9384, 'Nagarkandi', 'Mollahat', 0, 93),
(9385, 'Pak Gangni', 'Mollahat', 0, 93),
(9400, 'Satkhira Sadar', 'Satkhira Sadar', 0, 94),
(9401, 'Satkhira Islamia Acc', 'Satkhira Sadar', 0, 94),
(9402, 'Gunakar kati', 'Satkhira Sadar', 0, 94),
(9403, 'Budhhat', 'Satkhira Sadar', 0, 94),
(9410, 'kalaroa', 'kalaroa', 0, 94),
(9411, 'Murarikati', 'kalaroa', 0, 94),
(9412, 'Jhaudanga', 'kalaroa', 0, 94),
(9413, 'Hamidpur', 'kalaroa', 0, 94),
(9414, 'Khordo', 'kalaroa', 0, 94),
(9415, 'Chandanpur', 'kalaroa', 0, 94),
(9420, 'Taala', 'Taala', 0, 94),
(9421, 'Patkelghata', 'Taala', 0, 94),
(9430, 'Debbhata', 'Debbhata', 0, 94),
(9431, 'Gurugram', 'Debbhata', 0, 94),
(9440, 'Kaliganj UPO', 'Kaliganj UPO', 0, 94),
(9441, 'Nalta Mubaroknagar', 'Kaliganj UPO', 0, 94),
(9442, 'Ratanpur', 'Kaliganj UPO', 0, 94),
(9450, 'Nakipur', 'Nakipur', 0, 94),
(9451, 'Noornagar', 'Nakipur', 0, 94),
(9452, 'Naobeki', 'Nakipur', 0, 94),
(9453, 'Buri Goalini', 'Nakipur', 0, 94),
(9454, 'Gabura', 'Nakipur', 0, 94),
(9455, 'Habinagar', 'Nakipur', 0, 94),
(9460, 'Ashashuni', 'Ashashuni', 0, 94),
(9461, 'Baradal', 'Ashashuni', 0, 94);


CREATE VIEW vw_postaladdress AS
  SELECT
    p.po, p.ps, p.postcode, d.districtname,
    CONCAT(p.po,', ',p.ps,', ',d.districtname,'-',p.postcode) as postcodetitle
  FROM
    loc_postoffice as p
  INNER JOIN
    loc_district as d
  ON p.districtno=d.districtno;